Id,Besluit_Id,Soort,FractieGrootte,ActorNaam,ActorFractie,Vergissing,SidActorLid,SidActorFractie,Persoon_Id,Fractie_Id,GewijzigdOp,ApiGewijzigdOp,Verwijderd
d064812f-7c81-460f-bbf6-000018ef7a11,f59073ca-b620-4701-892f-f35abc2419c3,Tegen,25,GroenLinks-PvdA,GroenLinks-PvdA,FALSE,,S-1-365867521-2120874753-4073584695-1095381795-2473312939-1823855426,,0208097d-ef04-438a-8c29-eebb84956204,2024-10-16T11:34:18.673+02:00,2024-10-16T09:35:22.5211336Z,FALSE
af67af03-32cf-4790-97cb-0000341de2d1,05c0994d-a89f-4494-956e-ebf5d883df1d,Voor,4,50PLUS,50PLUS,FALSE,,S-1-365867521-2120874753-800324394-1119149088-3622860163-3864343712,,a34bf6c8-834e-4dba-b4d2-f2f1b3957bd2,2019-10-21T11:54:05.49+02:00,2019-10-21T23:15:03.5525062Z,FALSE
ad5af282-e531-43be-9d5f-00004377fe19,98cb9e67-dff0-432b-882d-06c3697cfbe5,Voor,3,FVD,FVD,FALSE,,S-1-365867521-2120874753-318435223-1117601640-3929610418-2100278038,,e0b7b638-de3c-47cc-85bd-341dd65ea33d,2025-03-26T10:11:35.397+01:00,2025-03-26T09:11:39.1705984Z,FALSE
e0fe1dc7-c9c3-4b74-9625-00004cff6854,808c1008-5cb0-41b5-aad8-ba4caa71cd99,Voor,2,FVD,FVD,FALSE,,S-1-365867521-2120874753-318435223-1117601640-3929610418-2100278038,,e0b7b638-de3c-47cc-85bd-341dd65ea33d,2021-02-15T08:54:17.983+01:00,2021-02-15T07:57:51.2219382Z,FALSE
2774fcff-19ae-4742-8762-000058409b3e,9e17213f-3cc4-45b7-bbef-519a074ab485,Tegen,4,50PLUS,50PLUS,FALSE,,S-1-365867521-2120874753-800324394-1119149088-3622860163-3864343712,,a34bf6c8-834e-4dba-b4d2-f2f1b3957bd2,2019-10-30T10:03:02.843+01:00,2019-10-30T09:03:44.9014312Z,FALSE
5878592b-fe5b-45e5-8586-000078d4735c,065cd23c-bb1a-4039-85df-abc5b386256c,Tegen,4,50PLUS,50PLUS,FALSE,,S-1-365867521-2120874753-800324394-1119149088-3622860163-3864343712,,a34bf6c8-834e-4dba-b4d2-f2f1b3957bd2,2019-10-21T11:52:42.657+02:00,2019-10-21T19:56:02.4687879Z,FALSE
7e108c29-1ab3-4e4a-b659-0000a410269f,cfde7f15-6c23-4672-b2f5-5aca1374033f,Voor,12,PVV,PVV,FALSE,,S-1-365867521-2120874753-203711267-1259409971-1122177929-1764465637,,65129918-f256-4975-9da4-488da34d6695,2019-10-21T11:51:22.573+02:00,2019-10-21T11:58:32.1783866Z,FALSE
ae8e4361-6c3a-468b-91e7-0000a62a935a,d82ad165-f55e-493d-9bfc-5d920c334262,Tegen,34,"Strolenberg, M.F.",VVD,FALSE,S-1-365867521-2120874753-2952871790-1165562549-3069840269-4021172796,S-1-365867521-2120874753-2712795160-1237583058-2671294620-1237654743,f067f702-8e06-491a-9498-462205d1aaec,7476e97a-3243-4122-9df6-ba7d82a5279b,2022-10-11T16:32:39.34+02:00,2022-10-11T14:33:47.8933928Z,FALSE
956ddde9-0af7-478b-9142-0000a8949dda,c8193008-d477-4b4e-93c0-be6f461946f9,Tegen,10,GroenLinks,GroenLinks,FALSE,,S-1-365867521-2120874753-2386850707-1282307975-941586345-2594443466,,8fd1a907-0355-4d27-8dc1-fd5a531b471e,2019-10-21T11:52:51.78+02:00,2019-10-21T21:13:18.6788436Z,FALSE
1d3d952e-76f3-4648-8ae6-0000b323733c,240e6323-7c00-4760-ba2e-c06cecb5c4cc,Voor,14,"Snels, B.A.W.",GroenLinks,FALSE,S-1-365867521-2120874753-1504757391-1102846708-3177994638-1743786366,S-1-365867521-2120874753-2386850707-1282307975-941586345-2594443466,b50b3f0b-afc8-46e5-bfda-cb60e2935a5a,8fd1a907-0355-4d27-8dc1-fd5a531b471e,2020-06-02T18:06:12.547+02:00,2020-06-02T16:06:36.3285452Z,FALSE
781af71f-a219-4b8d-9001-0000c8182a4d,3fb29e94-3ca2-4e8e-901a-dec2264f3c82,Voor,3,DENK,DENK,FALSE,,S-1-365867521-2120874753-3073972497-1296662242-838683525-3414854606,,deb74bb5-63a9-4ffc-98ed-af577167452e,2023-03-29T13:33:25.66+02:00,2023-03-29T11:33:48.8372991Z,FALSE
be8bb0c4-1976-4933-850a-0000d4616dd5,f46eb44d-659a-4fcd-b3dd-b8b5468bd07c,Tegen,9,PvdA,PvdA,FALSE,,S-1-365867521-2120874753-2900001417-1207812138-1581088948-1481602963,,8d46d23c-4f20-49be-b279-5439a2ef8d17,2022-07-08T14:34:37.283+02:00,2022-07-08T12:35:33.7488646Z,FALSE
9f51d37e-7e96-468f-b7e0-0000e759a52a,c09b1be2-9901-4a16-9143-359999cf8bc7,Tegen,5,ChristenUnie,ChristenUnie,FALSE,,S-1-365867521-2120874753-1996180723-1207380569-88002741-3031566280,,d720f5af-0516-408a-b830-0b6ffb8a581c,2022-02-09T09:28:59.87+01:00,2022-02-09T08:29:35.8780328Z,FALSE
093139bd-e4cb-409b-ba2e-0000f9ad5917,bbaebb6d-eae7-4da6-ab58-3dec01cc99f5,Voor,3,Volt,Volt,FALSE,,S-1-365867521-2120874753-4235502623-1217496042-898446246-117104789,,ae48391e-ce4d-47e0-86e3-ee310282f66f,2021-10-27T09:10:19.287+02:00,2021-10-27T07:11:18.7953205Z,FALSE
c8ae6331-c4e9-4de3-834f-00010008380d,7b261091-96f8-4beb-8896-3b1eea9c57f4,Voor,15,SP,SP,FALSE,,S-1-365867521-2120874753-3918075670-1133036099-4208265915-4115381510,,a3689bb6-3914-4d5c-a6a8-42e24582e299,2019-10-21T11:54:01.987+02:00,2019-10-21T22:52:31.2217369Z,FALSE
61dcc2e6-0eea-49ca-b999-000107bbffc5,5962dc69-fc97-4956-83a6-69a15d1b7491,Tegen,1,Monasch,Monasch,FALSE,,S-1-365867521-2120874753-2495299438-1201495177-4119649464-51673553,,2833a04a-0b87-4f74-bd9e-6597f695db43,2019-10-21T11:56:07.153+02:00,2019-10-22T00:41:37.7970406Z,FALSE
e0a1d151-a3af-4adb-8d3d-000127b1076e,72cf38ca-606b-43e3-9019-90145d9f8ccf,Voor,1,BBB,BBB,FALSE,,S-1-365867521-2120874753-3989062109-1173306659-2208517255-2082135607,,626555ac-e836-44e3-9978-a6a7f0abc3ce,2021-06-16T10:41:45.54+02:00,2021-06-16T08:41:53.0608584Z,FALSE
5ac1f7fb-baf7-4b98-ba2f-00015f75079d,1b50410b-649f-4aff-a054-45f7b8c7b3c1,Voor,3,Groep Van Haga,Groep Van Haga,FALSE,,S-1-365867521-2120874753-2508465081-1215345195-2587636654-4273603581,,7113623f-909d-4a24-a48e-c7577f851e63,2022-12-09T11:12:15.72+01:00,2022-12-09T10:12:29.9068658Z,FALSE
e0900c5e-a8dc-4aba-b2cc-00016ee45f17,e33c2f7c-4f9e-42e8-bf71-b0d6d2f14b1e,Voor,1,BIJ1,BIJ1,FALSE,,S-1-365867521-2120874753-1918632926-1156242138-2760815009-2890751523,,18e95d6d-1684-4fa0-968a-1a6140d2d793,2021-09-15T12:31:37.497+02:00,2021-09-15T10:32:12.7277665Z,FALSE
20b62abb-45ee-467a-a493-0001a2d9c6ca,2bb63685-e949-4d3f-bee9-4c9cbeca4a79,Voor,3,SGP,SGP,FALSE,,S-1-365867521-2120874753-1520352372-1191064225-1239257728-506288080,,77f9b6f1-b1a9-4d1b-a05e-9936e79d8fa5,2024-12-04T11:03:18.337+01:00,2024-12-04T10:04:15.3700463Z,FALSE
e86b27e2-10b5-453a-a016-0001aee35b4f,5349f14e-797d-4354-b64f-2331cce177b5,Voor,6,PvdD,PvdD,FALSE,,S-1-365867521-2120874753-3375217526-1184288014-3809460365-2544511686,,d3b4d880-ef37-4ce6-99ec-4940266ac466,2023-06-28T12:36:01.947+02:00,2023-06-28T10:36:55.6383443Z,FALSE
0f925f4b-9897-43c2-8ff4-0001ef9a829f,14f7f183-57be-4f9e-92b8-14577b958118,Tegen,3,D66,D66,FALSE,,S-1-365867521-2120874753-1399399692-1206643224-3316825768-479228828,,4e9f6f5b-2544-4667-8134-6b85c4ebb4e0,2019-10-21T11:55:47.473+02:00,2019-10-22T00:37:06.1715101Z,FALSE
c6043f51-7fbc-4775-92ae-0001f99f55cb,843670c0-0378-40bb-8e44-eb344bc034d8,Voor,1,Houwers,Houwers,FALSE,,S-1-365867521-2120874753-898657345-1092013115-859476142-768250380,,5b457d01-2569-40e3-9201-b99b1d80c471,2015-12-04T12:45:47.903+01:00,2019-07-26T12:54:55.4244946Z,FALSE
de59657e-6a27-48fa-a7f3-0002055702d6,b6e8f286-4fdc-41a1-896f-dddf95bbdb7e,Voor,6,"Esch van, E.M. (Eva)",PvdD,FALSE,S-1-365867521-2120874753-3191139829-1135924070-1276731047-788206465,S-1-365867521-2120874753-3375217526-1184288014-3809460365-2544511686,a8e4581d-5186-4367-95c5-0a754c60b276,d3b4d880-ef37-4ce6-99ec-4940266ac466,2023-04-19T12:27:51.67+02:00,2023-04-19T10:28:14.8349101Z,FALSE
06d7ce2f-4f56-416c-a6a8-00024df6f5f4,75bc965f-72c6-4f96-a91c-9b4b2e5f7584,Voor,3,Groep Van Haga,Groep Van Haga,FALSE,,S-1-365867521-2120874753-2508465081-1215345195-2587636654-4273603581,,7113623f-909d-4a24-a48e-c7577f851e63,2021-05-26T16:13:53.51+02:00,2021-05-26T14:14:56.1465841Z,FALSE
c67ae62e-af65-4b15-b2ba-000256be63a1,6c1bd491-bdb0-4a83-bf44-deb97887cdc6,Tegen,12,PVV,PVV,FALSE,,S-1-365867521-2120874753-203711267-1259409971-1122177929-1764465637,,65129918-f256-4975-9da4-488da34d6695,2019-10-21T11:54:47.887+02:00,2019-10-22T00:20:36.9195719Z,FALSE
4b8a1b34-543f-4f57-8be1-000268373a6a,49501a48-f2b4-4fa1-9559-3ae54b1ed341,Voor,14,GroenLinks,GroenLinks,FALSE,,S-1-365867521-2120874753-2386850707-1282307975-941586345-2594443466,,8fd1a907-0355-4d27-8dc1-fd5a531b471e,2019-09-25T10:15:38.177+02:00,2019-09-25T08:16:39.0156326Z,FALSE
7a5d9b43-8a0c-4f4a-b4e6-000273b4a8e1,b2fd827f-fd41-498d-bbd3-24c82cfc05e1,Tegen,2,PvdD,PvdD,FALSE,,S-1-365867521-2120874753-3375217526-1184288014-3809460365-2544511686,,d3b4d880-ef37-4ce6-99ec-4940266ac466,2019-10-21T11:54:18.27+02:00,2019-10-22T00:08:42.277552Z,FALSE
ead65b9b-9e0c-48fe-a462-00027cecb372,e300f431-e654-438b-ab52-47c2637643b5,Voor,19,CDA,CDA,FALSE,,S-1-365867521-2120874753-3726368973-1295802169-2588631453-4180503461,,62c1a13c-85ff-40ed-90f7-a9546d61f869,2019-10-21T11:54:07.703+02:00,2019-10-21T23:29:54.5073735Z,FALSE
b34a0136-6f69-4391-958c-000284a25eed,83c74aad-b620-400f-ae17-4781ba3ab484,Tegen,36,PvdA,PvdA,FALSE,,S-1-365867521-2120874753-2900001417-1207812138-1581088948-1481602963,,8d46d23c-4f20-49be-b279-5439a2ef8d17,2019-10-21T11:54:59.75+02:00,2019-10-22T00:33:38.9992274Z,FALSE
00599857-ad18-4a77-a666-0002b0c3fb72,58a710c3-a458-48f5-b747-7f466e94a4d8,Tegen,1,BIJ1,BIJ1,FALSE,,S-1-365867521-2120874753-1918632926-1156242138-2760815009-2890751523,,18e95d6d-1684-4fa0-968a-1a6140d2d793,2022-11-30T10:25:47.12+01:00,2022-11-30T09:26:43.4362394Z,FALSE
c09104df-bf0f-4a91-8325-0002cc740d49,9ca535bc-1b20-4e65-9daa-3cf2f13bd7cf,Voor,13,CDA,CDA,FALSE,,S-1-365867521-2120874753-3726368973-1295802169-2588631453-4180503461,,62c1a13c-85ff-40ed-90f7-a9546d61f869,2019-10-21T11:52:48.887+02:00,2019-10-21T20:48:16.1248298Z,FALSE
7a3a282b-6a54-4a3e-b830-0002d1c0dce2,92cf290c-3838-411f-a187-4695577e1f7b,Voor,3,DENK,DENK,FALSE,,S-1-365867521-2120874753-3073972497-1296662242-838683525-3414854606,,deb74bb5-63a9-4ffc-98ed-af577167452e,2019-12-11T12:46:38.373+01:00,2019-12-11T11:47:11.7999903Z,FALSE
24ead6e2-8011-45db-9b5f-0002d8344491,3ef4438f-7d12-4ebb-8ca5-3fc3b49f2632,Tegen,15,PVV,PVV,FALSE,,S-1-365867521-2120874753-203711267-1259409971-1122177929-1764465637,,65129918-f256-4975-9da4-488da34d6695,2019-10-21T11:54:09.197+02:00,2019-10-21T23:40:55.3524154Z,FALSE
68f945e9-09fe-4c74-835e-0003075e326c,816fbfd3-1289-4891-b265-85adde789b06,Voor,3,PvdD,PvdD,FALSE,,S-1-365867521-2120874753-3375217526-1184288014-3809460365-2544511686,,d3b4d880-ef37-4ce6-99ec-4940266ac466,2024-02-07T10:09:33.137+01:00,2024-02-07T09:10:04.1235096Z,FALSE
8c7a1013-69c8-4061-9ae6-000311def5a4,a4f3d73b-fcbe-4a61-a8f2-6823a35a60c1,Tegen,24,D66,D66,FALSE,,S-1-365867521-2120874753-1399399692-1206643224-3316825768-479228828,,4e9f6f5b-2544-4667-8134-6b85c4ebb4e0,2022-08-24T09:58:54.983+02:00,2022-08-24T07:59:19.8549443Z,FALSE
9af769b1-6217-4478-b3e9-0003138da20a,c9f890c1-88e8-43fa-a3c7-95f2f59c3f8a,Voor,3,Groep Van Haga,Groep Van Haga,FALSE,,S-1-365867521-2120874753-2508465081-1215345195-2587636654-4273603581,,7113623f-909d-4a24-a48e-c7577f851e63,2021-07-09T14:28:35.72+02:00,2021-07-09T12:29:00.950127Z,FALSE
680af281-5532-429a-8ba8-000314f082d3,86f2e8ed-7dc8-4ecc-9d38-bc850bc6f330,Voor,25,"Bromet, L.",GroenLinks-PvdA,FALSE,S-1-365867521-2120874753-2126798504-1249837613-2550839964-2625743459,S-1-365867521-2120874753-4073584695-1095381795-2473312939-1823855426,ccea26dd-dcae-4174-8945-ec5cb568e951,0208097d-ef04-438a-8c29-eebb84956204,2025-02-05T09:20:10.09+01:00,2025-02-05T08:20:19.6366851Z,FALSE
b6f7364f-f2fe-4f44-a1da-00031a99156f,51d6352c-bce3-42cf-a987-37fe02b6a932,Voor,1,Klein,Klein,FALSE,,S-1-365867521-2120874753-597561070-1212314272-1203169936-1604725437,,eb72ccb0-e80a-42d0-8b15-ebc30051447c,2019-10-21T11:54:56.81+02:00,2019-10-22T00:31:26.9677197Z,FALSE
9b9bfcbc-1da0-442c-a03e-0003289d5198,f241ed25-7e69-49e5-9da2-fcb60353044d,Voor,10,GroenLinks,GroenLinks,FALSE,,S-1-365867521-2120874753-2386850707-1282307975-941586345-2594443466,,8fd1a907-0355-4d27-8dc1-fd5a531b471e,2019-10-21T11:52:48.26+02:00,2019-10-21T20:43:24.1939523Z,FALSE
35317ac2-98d8-4c56-ad27-00034487de3c,d4ff90c2-623c-479c-bd68-999f7fabcb8e,Tegen,13,CDA,CDA,FALSE,,S-1-365867521-2120874753-3726368973-1295802169-2588631453-4180503461,,62c1a13c-85ff-40ed-90f7-a9546d61f869,2019-10-21T11:51:46.283+02:00,2019-10-21T17:16:10.4187805Z,FALSE
578aa71f-67af-4018-861d-00034abca88d,602669dc-587d-4505-b239-d6268bddd95d,Voor,2,Volt,Volt,FALSE,,S-1-365867521-2120874753-4235502623-1217496042-898446246-117104789,,ae48391e-ce4d-47e0-86e3-ee310282f66f,2024-10-23T11:03:49.9+02:00,2024-10-23T09:04:40.8370547Z,FALSE
25cf3406-c477-46c6-9e23-000362eb5916,8ea0d615-cb1d-4f0d-ade4-4ef05961c902,Tegen,24,"Hil van den, J.",VVD,FALSE,S-1-365867521-2120874753-950069053-1247295026-85080230-3380012719,S-1-365867521-2120874753-2712795160-1237583058-2671294620-1237654743,8509e44d-0f9b-413a-a2cd-f64d656c3955,7476e97a-3243-4122-9df6-ba7d82a5279b,2025-03-05T09:51:34.42+01:00,2025-03-05T08:51:47.2988006Z,FALSE
0dc7435a-b879-467d-9aac-000372d0769d,63b67776-6ea8-4efe-af3d-6a414a60efe9,Voor,3,Groep Van Haga,Groep Van Haga,FALSE,,S-1-365867521-2120874753-2508465081-1215345195-2587636654-4273603581,,7113623f-909d-4a24-a48e-c7577f851e63,2022-11-23T11:19:44.767+01:00,2022-11-23T10:19:57.4499747Z,FALSE
6130e675-ea13-46e0-9094-00037e8c2838,a12ba86b-581b-4240-a319-249f70c81e61,Voor,38,"Rebel, M.J.J.",PvdA,FALSE,S-1-365867521-2120874753-1129138903-1157710760-1483676045-2373847816,S-1-365867521-2120874753-2900001417-1207812138-1581088948-1481602963,a900b4e7-92d9-4903-ab21-3189f17fe2e0,8d46d23c-4f20-49be-b279-5439a2ef8d17,2014-07-02T14:40:48.417+02:00,2019-07-31T10:53:44.8221689Z,FALSE
68f557ce-7b0d-43b3-aed5-0003ab1624a2,1cdb32b8-d39f-40de-a3f0-035ef5410a4d,Voor,2,PvdD,PvdD,FALSE,,S-1-365867521-2120874753-3375217526-1184288014-3809460365-2544511686,,d3b4d880-ef37-4ce6-99ec-4940266ac466,2019-10-21T11:53:56.503+02:00,2019-10-21T22:15:16.5142395Z,FALSE
3470b461-ec77-42ba-b56a-0003da00d8f8,748f139d-e706-4bd6-8cf9-0ea4b0ce6f2c,Tegen,17,PVV,PVV,FALSE,,S-1-365867521-2120874753-203711267-1259409971-1122177929-1764465637,,65129918-f256-4975-9da4-488da34d6695,2022-12-07T09:29:13.113+01:00,2022-12-07T08:29:31.5428941Z,FALSE
05a92e36-d4b1-4c02-9655-0003e6148ac5,972d8d42-6d1b-4082-956b-5f3a81140486,Voor,20,"Aalst van, R.R.",PVV,FALSE,S-1-365867521-2120874753-1605422418-1230811770-3913724822-1177543524,S-1-365867521-2120874753-203711267-1259409971-1122177929-1764465637,a59b540b-1460-4aa0-b9ce-19356f87c77e,65129918-f256-4975-9da4-488da34d6695,2020-10-28T11:05:28.1+01:00,2020-10-28T10:05:43.0953983Z,FALSE
cc26ea4e-8d34-495b-8efd-00041efecf51,335169c2-839e-4870-a964-f031e096f772,Voor,3,SGP,SGP,FALSE,,S-1-365867521-2120874753-1520352372-1191064225-1239257728-506288080,,77f9b6f1-b1a9-4d1b-a05e-9936e79d8fa5,2024-04-24T10:16:37.493+02:00,2024-04-24T08:17:02.0003404Z,FALSE
b9d3c1e1-26c3-49e4-80fb-0004358cff00,f8375a0d-04a2-42cc-a409-f08f2aa4cd88,Tegen,41,VVD,VVD,FALSE,,S-1-365867521-2120874753-2712795160-1237583058-2671294620-1237654743,,7476e97a-3243-4122-9df6-ba7d82a5279b,2019-10-21T11:51:37.663+02:00,2019-10-21T15:41:40.1264383Z,FALSE
bf6eae70-37c2-42be-9c46-000438b649ae,21835e2c-7575-4c09-9c05-d0eff116ff0d,Tegen,10,D66,D66,FALSE,,S-1-365867521-2120874753-1399399692-1206643224-3316825768-479228828,,4e9f6f5b-2544-4667-8134-6b85c4ebb4e0,2019-10-21T11:55:00.34+02:00,2019-10-22T00:33:45.2179922Z,FALSE
65b82cc3-249f-43b8-89e6-00044a17f202,d9bbb351-858f-4c26-b383-d8fcb8b86f43,Voor,3,SGP,SGP,FALSE,,S-1-365867521-2120874753-1520352372-1191064225-1239257728-506288080,,77f9b6f1-b1a9-4d1b-a05e-9936e79d8fa5,2025-03-05T09:53:59.763+01:00,2025-03-05T08:54:03.7739291Z,FALSE
7972eca1-74c9-4155-b4ec-000454581570,d8581150-cb73-476d-9d34-68616dd99cb9,Voor,15,SP,SP,FALSE,,S-1-365867521-2120874753-3918075670-1133036099-4208265915-4115381510,,a3689bb6-3914-4d5c-a6a8-42e24582e299,2019-10-21T11:56:10.587+02:00,2019-10-22T00:43:05.7503377Z,FALSE
b7118d41-f31c-45c6-b06b-00045d39a7ec,5eb55d92-1d56-4fbb-960d-e81497ab5400,Voor,1,Klein,Klein,FALSE,,S-1-365867521-2120874753-597561070-1212314272-1203169936-1604725437,,eb72ccb0-e80a-42d0-8b15-ebc30051447c,2019-10-21T11:54:15.573+02:00,2019-10-22T00:05:27.480299Z,FALSE
41307f3f-875f-43d8-870d-0004668a77da,d2e0812b-f0e4-4bde-8555-6d80768d7874,Niet deelgenomen,1,BIJ1,BIJ1,FALSE,,S-1-365867521-2120874753-1918632926-1156242138-2760815009-2890751523,,18e95d6d-1684-4fa0-968a-1a6140d2d793,2022-06-15T11:24:19.813+02:00,2022-06-15T09:24:55.779927Z,FALSE
3b45eec3-87da-4c9d-bf97-000469c46c49,15e631f5-ee0e-4004-961a-208e495c3451,Tegen,2,FVD,FVD,FALSE,,S-1-365867521-2120874753-318435223-1117601640-3929610418-2100278038,,e0b7b638-de3c-47cc-85bd-341dd65ea33d,2021-02-15T08:54:16.843+01:00,2021-02-15T07:55:51.0342065Z,FALSE
127f95ed-f058-4a4f-b203-0004cef1dd75,8c14013c-ed7f-4b74-81bf-c6404e5032c7,Tegen,10,GroenLinks,GroenLinks,FALSE,,S-1-365867521-2120874753-2386850707-1282307975-941586345-2594443466,,8fd1a907-0355-4d27-8dc1-fd5a531b471e,2019-10-21T11:51:39.093+02:00,2019-10-21T15:59:48.6285674Z,FALSE
1e086d1c-316f-45a9-b21a-0004d0c10233,fa865e25-26cc-418e-80a1-6474789633ce,Voor,9,PvdA,PvdA,FALSE,,S-1-365867521-2120874753-2900001417-1207812138-1581088948-1481602963,,8d46d23c-4f20-49be-b279-5439a2ef8d17,2020-04-02T10:11:28.997+02:00,2020-04-02T08:11:52.6955351Z,FALSE
36a8a475-e0a8-45ed-b226-0004e1f87ef5,c173b2bc-360b-4ca0-b740-c7c7b3669278,Tegen,19,CDA,CDA,FALSE,,S-1-365867521-2120874753-3726368973-1295802169-2588631453-4180503461,,62c1a13c-85ff-40ed-90f7-a9546d61f869,2020-07-07T08:10:04.937+02:00,2020-07-07T06:11:08.1570253Z,FALSE
dc19a38a-666f-48d3-9dfd-0005066b9c9a,a0241a2b-f90a-4044-80e3-9f0f6fc06a01,Voor,15,SP,SP,FALSE,,S-1-365867521-2120874753-3918075670-1133036099-4208265915-4115381510,,a3689bb6-3914-4d5c-a6a8-42e24582e299,2019-10-21T11:54:04.51+02:00,2019-10-21T23:07:51.6922858Z,FALSE
dc56d72f-49aa-44ae-bc02-00051b97a2ef,7424183e-e957-494f-bca2-b3686ae5a387,Tegen,2,"Bontes, L.",GrBvK,FALSE,S-1-365867521-2120874753-3151328602-1201937599-181702802-2348990397,S-1-365867521-2120874753-1505639877-1217394080-2280289159-1314074793,c606904d-daef-44ff-bd30-cfdc1e6b5185,fc594dee-bad8-4caf-ba89-9496537c3527,2019-10-21T11:54:58.733+02:00,2019-10-22T00:32:47.4366272Z,FALSE
34639f3b-ca34-4d48-9408-00051bbd43de,9133483f-4a2f-4e43-9950-2faba55c659e,Voor,9,PvdA,PvdA,FALSE,,S-1-365867521-2120874753-2900001417-1207812138-1581088948-1481602963,,8d46d23c-4f20-49be-b279-5439a2ef8d17,2020-03-11T11:15:16.39+01:00,2020-03-11T10:15:48.7305036Z,FALSE
b972c7ae-136d-4c8d-b89c-00051e8602f4,7211dbf2-52cb-423f-afed-92c6a52ab3f0,Tegen,40,"Duisenberg, P.J.",VVD,FALSE,S-1-365867521-2120874753-2935262700-1098161552-1912668570-1533947455,S-1-365867521-2120874753-2712795160-1237583058-2671294620-1237654743,0b55495e-b33f-4707-96b7-d9c62bb68669,7476e97a-3243-4122-9df6-ba7d82a5279b,2019-10-21T11:51:47.237+02:00,2019-10-21T17:25:14.1542174Z,FALSE
b038a617-57c4-4338-891a-000528e39b69,699c12db-3fa1-4285-a874-0572380a847f,Voor,3,SGP,SGP,FALSE,,S-1-365867521-2120874753-1520352372-1191064225-1239257728-506288080,,77f9b6f1-b1a9-4d1b-a05e-9936e79d8fa5,2021-11-10T08:34:19.693+01:00,2021-11-10T07:34:52.2848682Z,FALSE
c2e97db7-5abf-4987-8afb-00052e5d3fcf,dca06157-da3c-47aa-bbde-69bfda9d0cee,Voor,3,D66,D66,FALSE,,S-1-365867521-2120874753-1399399692-1206643224-3316825768-479228828,,4e9f6f5b-2544-4667-8134-6b85c4ebb4e0,2019-10-21T11:54:03.953+02:00,2019-10-21T23:03:51.8324453Z,FALSE
0fb1803d-0676-49b1-b500-000537d9db9a,72b4e9ee-f8fa-4254-9072-2a1191c50d4b,Tegen,3,SGP,SGP,FALSE,,S-1-365867521-2120874753-1520352372-1191064225-1239257728-506288080,,77f9b6f1-b1a9-4d1b-a05e-9936e79d8fa5,2019-10-21T11:54:56.17+02:00,2019-10-22T00:31:06.3739292Z,FALSE
082d4588-9c62-47c2-a9e1-0005468c48f7,9449cea1-0630-45f4-9c0e-4d534da0c360,Voor,1,Fractie Den Haan,Fractie Den Haan,FALSE,,S-1-365867521-2120874753-513075457-1269738686-1978012338-2999242761,,ea1ba564-db2c-4c57-b867-91ac4dcc5643,2023-06-23T11:09:12.063+02:00,2023-06-23T09:09:51.1038Z,FALSE
b43faea4-968d-46e1-b61e-000553fbef9f,aee2f21c-6ea7-4cc3-997f-2e8395de12e1,Voor,2,50PLUS,50PLUS,FALSE,,S-1-365867521-2120874753-800324394-1119149088-3622860163-3864343712,,a34bf6c8-834e-4dba-b4d2-f2f1b3957bd2,2019-10-21T11:54:01.077+02:00,2019-10-21T22:46:30.3147814Z,FALSE
bb085806-2a15-479b-84a0-0005557642c5,2801cc4b-50e0-4e57-ac09-e1149e7b1d7e,Voor,14,SP,SP,FALSE,,S-1-365867521-2120874753-3918075670-1133036099-4208265915-4115381510,,a3689bb6-3914-4d5c-a6a8-42e24582e299,2019-10-21T11:54:03.36+02:00,2019-10-21T23:01:33.5665478Z,FALSE
7b8f517b-d109-4fb7-a3b8-00055b1d3f4f,f4402957-70c0-4c35-be19-e41827c1f216,Tegen,21,CDA,CDA,FALSE,,S-1-365867521-2120874753-3726368973-1295802169-2588631453-4180503461,,62c1a13c-85ff-40ed-90f7-a9546d61f869,2019-10-21T11:56:13.093+02:00,2019-10-22T00:44:53.5942961Z,FALSE
01b16105-dd97-4fd0-966a-00055f229a3a,8b83e451-178a-4a4e-99df-d72f82a70914,Voor,5,ChristenUnie,ChristenUnie,FALSE,,S-1-365867521-2120874753-1996180723-1207380569-88002741-3031566280,,d720f5af-0516-408a-b830-0b6ffb8a581c,2018-04-25T09:51:31.18+02:00,2019-07-26T13:04:57.0194246Z,FALSE
5ed28e12-4ad8-4b23-9c44-000574cc21e4,b9dc7a21-95a7-4f8e-85db-cf2758201933,Tegen,13,CDA,CDA,FALSE,,S-1-365867521-2120874753-3726368973-1295802169-2588631453-4180503461,,62c1a13c-85ff-40ed-90f7-a9546d61f869,2019-10-21T11:56:13.06+02:00,2019-10-22T00:44:54.0943006Z,FALSE
82840a6c-5dc1-4221-a116-0005771378a7,645ee37d-c925-467a-86ba-d449194c1994,Voor,3,SGP,SGP,FALSE,,S-1-365867521-2120874753-1520352372-1191064225-1239257728-506288080,,77f9b6f1-b1a9-4d1b-a05e-9936e79d8fa5,2022-09-28T11:03:43.21+02:00,2022-09-28T09:04:39.2600029Z,FALSE
c7f493ae-acf5-4c75-a4d8-0005773dfa83,79422512-8c22-4eab-92db-7d89f5736d15,Voor,3,DENK,DENK,FALSE,,S-1-365867521-2120874753-3073972497-1296662242-838683525-3414854606,,deb74bb5-63a9-4ffc-98ed-af577167452e,2019-10-21T11:54:54.467+02:00,2019-10-22T00:28:48.6549101Z,FALSE
e8b8bab3-d40e-4c10-ae9b-000581bb008c,c36ff473-7b80-4bb6-82a2-e1214d42ce3e,Voor,3,SGP,SGP,FALSE,,S-1-365867521-2120874753-1520352372-1191064225-1239257728-506288080,,77f9b6f1-b1a9-4d1b-a05e-9936e79d8fa5,2020-02-05T10:36:44.82+01:00,2020-02-05T09:37:53.4859465Z,FALSE
7c02be08-725d-44b8-8eab-00059567c063,fea11a29-0a9c-450a-939b-a767546fe605,Tegen,1,Klein,Klein,FALSE,,S-1-365867521-2120874753-597561070-1212314272-1203169936-1604725437,,eb72ccb0-e80a-42d0-8b15-ebc30051447c,2019-10-21T11:51:34.76+02:00,2019-10-21T15:02:15.63744Z,FALSE
b6948da3-612a-4c8d-83ab-0005b525617c,207df65f-b334-4a60-8a1d-b5f3bd6e0a27,Voor,12,D66,D66,FALSE,,S-1-365867521-2120874753-1399399692-1206643224-3316825768-479228828,,4e9f6f5b-2544-4667-8134-6b85c4ebb4e0,2019-10-21T11:54:05.397+02:00,2019-10-21T23:14:46.2868549Z,FALSE
dbe5dd53-6d02-4ebd-bd87-0005cdab7838,ef56dd33-53a3-449a-9499-d95f9ca5e816,Tegen,3,DENK,DENK,FALSE,,S-1-365867521-2120874753-3073972497-1296662242-838683525-3414854606,,deb74bb5-63a9-4ffc-98ed-af577167452e,2019-12-20T13:07:31.35+01:00,2019-12-20T12:08:37.7796838Z,FALSE
38119a53-ac9f-4b13-992d-0005d1da0d78,2de2491b-0c8b-4dff-a30c-f0c6dc8ee705,Tegen,33,"Middendorp, J.",VVD,FALSE,S-1-365867521-2120874753-641419068-1207860801-970446773-1474344576,S-1-365867521-2120874753-2712795160-1237583058-2671294620-1237654743,c0648a21-11c6-4b4f-a4be-205d7dcbb746,7476e97a-3243-4122-9df6-ba7d82a5279b,2019-10-21T11:52:52.33+02:00,2019-10-21T21:17:26.4137064Z,FALSE
dbd1f6d0-94fa-48ce-ad16-0005e3526179,c630d7f9-d421-43f9-bac6-624816889b8e,Tegen,17,PVV,PVV,FALSE,,S-1-365867521-2120874753-203711267-1259409971-1122177929-1764465637,,65129918-f256-4975-9da4-488da34d6695,2021-06-24T09:38:46.707+02:00,2021-06-24T07:39:16.0562213Z,FALSE
07258768-3f92-4356-868b-0005ffd5b274,c05fc578-0645-4ea4-9e9b-ab5244b84fab,Tegen,5,ChristenUnie,ChristenUnie,FALSE,,S-1-365867521-2120874753-1996180723-1207380569-88002741-3031566280,,d720f5af-0516-408a-b830-0b6ffb8a581c,2021-05-21T10:29:41.98+02:00,2021-05-21T08:30:36.1189833Z,FALSE
02ed3cd9-531c-4c6f-89ed-000614a591f6,9b53c34d-c1fa-466d-a4c0-90ae2530c04e,Voor,1,BIJ1,BIJ1,FALSE,,S-1-365867521-2120874753-1918632926-1156242138-2760815009-2890751523,,18e95d6d-1684-4fa0-968a-1a6140d2d793,2021-04-21T09:18:56.157+02:00,2021-04-21T07:20:05.1917161Z,FALSE
950c9c3a-1f6c-4f75-bbfa-000642c2fd0e,6376b799-8eff-452d-8f6b-3f2ff96605c6,Voor,1,Krol,Krol,FALSE,,S-1-365867521-2120874753-545090664-1182657130-2644256699-3400495426,,9baf43e2-3081-4fb1-93c4-6f002f395271,2021-02-12T09:58:48.21+01:00,2021-02-12T08:59:19.1884989Z,FALSE
fc046fe1-5510-4453-928c-00064677d4fa,09a596a0-1b99-400b-a3b8-c98b3b33963b,Tegen,41,CDA,CDA,FALSE,,S-1-365867521-2120874753-3726368973-1295802169-2588631453-4180503461,,62c1a13c-85ff-40ed-90f7-a9546d61f869,2019-10-21T11:56:07.467+02:00,2019-10-22T00:41:43.4064295Z,FALSE
6b99ba86-906d-4fbb-ad3b-000647f284d8,304c8ebc-0254-40c6-925d-254fd6f0aca4,Niet deelgenomen,7,"Helder, L.M.J.S.",BBB,FALSE,S-1-365867521-2120874753-2995945344-1089003032-2144812938-3620777050,S-1-365867521-2120874753-3989062109-1173306659-2208517255-2082135607,74b44968-d1f2-482a-a365-1fbb4cbda7f9,626555ac-e836-44e3-9978-a6a7f0abc3ce,2025-01-29T11:11:38.263+01:00,2025-01-29T10:11:49.7842729Z,FALSE
9a488f3d-fc9b-4d32-a6a5-00066f11e0e7,f0d93b4c-0eb3-4219-9cf7-7412842c88d5,Tegen,20,NSC,NSC,FALSE,,S-1-365867521-2120874753-1047008486-1154286352-26167960-3781665883,,ad182a43-bc8c-40b3-894d-4a92515e70e7,2024-05-29T10:00:58.057+02:00,2024-05-29T08:01:42.883224Z,FALSE
25c0a1e3-3fa3-4e8c-90e0-000679cd6fd2,b9cba168-1a37-4807-af70-ccf59d4406af,Voor,13,CDA,CDA,FALSE,,S-1-365867521-2120874753-3726368973-1295802169-2588631453-4180503461,,62c1a13c-85ff-40ed-90f7-a9546d61f869,2019-10-21T11:54:43.12+02:00,2019-10-22T00:14:39.7157517Z,FALSE
3a5539b9-7105-4f0b-86c3-00068d9e89ca,4b686fb7-450f-4a76-90ed-86688ab154ed,Voor,2,Groep Bontes/Van Klaveren,GrBvK,FALSE,,S-1-365867521-2120874753-1505639877-1217394080-2280289159-1314074793,,fc594dee-bad8-4caf-ba89-9496537c3527,2019-10-21T11:54:56.873+02:00,2019-10-22T00:31:27.1864701Z,FALSE
242b14a3-b961-4dfb-8ef5-0006a0cda5b7,17a441b2-ec70-491e-aac9-93a567ea0a16,Tegen,4,50PLUS,50PLUS,FALSE,,S-1-365867521-2120874753-800324394-1119149088-3622860163-3864343712,,a34bf6c8-834e-4dba-b4d2-f2f1b3957bd2,2019-10-21T11:51:27.56+02:00,2019-10-21T13:32:53.9707077Z,FALSE
a61c3acb-b9c9-44d2-a5f8-0006bb97fecc,a81d5faf-fd5b-4b8e-8c11-3764e9fa559e,Tegen,14,CDA,CDA,FALSE,,S-1-365867521-2120874753-3726368973-1295802169-2588631453-4180503461,,62c1a13c-85ff-40ed-90f7-a9546d61f869,2023-06-14T12:41:02.36+02:00,2023-06-14T10:41:35.9380877Z,FALSE
3d258b0f-7dcf-4be2-b4ef-0006c0c73d7d,5bbeb008-2a28-4f3e-93d2-46a1532b0664,Tegen,6,ChristenUnie,ChristenUnie,FALSE,,S-1-365867521-2120874753-1996180723-1207380569-88002741-3031566280,,d720f5af-0516-408a-b830-0b6ffb8a581c,2019-10-21T11:51:33.713+02:00,2019-10-21T14:48:34.2452093Z,FALSE
cae9bfef-aa40-4771-912a-0006cf845e8d,fb4db2a4-fc6c-4f46-9bd8-94f14d77d020,Tegen,3,SGP,SGP,FALSE,,S-1-365867521-2120874753-1520352372-1191064225-1239257728-506288080,,77f9b6f1-b1a9-4d1b-a05e-9936e79d8fa5,2019-10-21T11:51:27.497+02:00,2019-10-21T13:31:02.1111119Z,FALSE
1e500c96-5e9f-46d8-a1cb-0006db2d2299,626fdd04-ea15-428d-80ea-8099f4a5beef,Voor,5,SP,SP,FALSE,,S-1-365867521-2120874753-3918075670-1133036099-4208265915-4115381510,,a3689bb6-3914-4d5c-a6a8-42e24582e299,2024-06-19T12:23:42.82+02:00,2024-06-19T10:24:50.6034155Z,FALSE
2dcf05a9-6ec8-4f70-b3b0-0006f1f648b9,2c68bf5d-d41b-4333-bcef-762570f14b34,Voor,30,PvdA,PvdA,FALSE,,S-1-365867521-2120874753-2900001417-1207812138-1581088948-1481602963,,8d46d23c-4f20-49be-b279-5439a2ef8d17,2010-09-29T11:21:36.007+02:00,2019-07-26T13:03:47.4099109Z,FALSE
a477efb0-c54e-47aa-9851-0006fc31687a,1c2eccf9-b65c-47e8-bb29-9554125e37f1,Voor,7,GroenLinks,GroenLinks,FALSE,,S-1-365867521-2120874753-2386850707-1282307975-941586345-2594443466,,8fd1a907-0355-4d27-8dc1-fd5a531b471e,2019-10-21T11:51:47.47+02:00,2019-10-21T17:26:54.4512904Z,FALSE
b8a6f7a6-961a-47c5-a5ba-00072ebc9f6b,16c8cea6-ddca-4ce6-8353-f1697591758c,Voor,2,Volt,Volt,FALSE,,S-1-365867521-2120874753-4235502623-1217496042-898446246-117104789,,ae48391e-ce4d-47e0-86e3-ee310282f66f,2025-03-05T09:08:28.913+01:00,2025-03-05T08:08:37.7387693Z,FALSE
68252021-4649-4c79-93ba-0007311f11aa,663ec9cf-7faa-44b8-9ed2-b444613015fc,Tegen,9,PvdA,PvdA,FALSE,,S-1-365867521-2120874753-2900001417-1207812138-1581088948-1481602963,,8d46d23c-4f20-49be-b279-5439a2ef8d17,2021-11-18T11:11:18+01:00,2021-11-18T10:12:26.1258558Z,FALSE
04a745ea-65de-433d-ba5e-00073306cf91,04450f90-dafe-43c1-91d5-6d013d3f9c05,Tegen,23,D66,D66,FALSE,,S-1-365867521-2120874753-1399399692-1206643224-3316825768-479228828,,4e9f6f5b-2544-4667-8134-6b85c4ebb4e0,2023-10-18T11:18:50.987+02:00,2023-10-18T09:20:00.3442678Z,FALSE
e018d7f8-444a-4dbd-887c-00073e3127c3,26fb171f-993c-4bbc-bf08-1821d650496b,Voor,13,CDA,CDA,FALSE,,S-1-365867521-2120874753-3726368973-1295802169-2588631453-4180503461,,62c1a13c-85ff-40ed-90f7-a9546d61f869,2019-10-21T11:52:42.26+02:00,2019-10-21T19:52:54.9840436Z,FALSE
078d5082-0d08-4e6f-b0d3-000795ce67dd,9edea066-21b9-451a-b329-01f2b8fef532,Tegen,24,"Campen van, A.A.H.",VVD,FALSE,S-1-365867521-2120874753-3785129617-1196492362-75557537-1644873326,S-1-365867521-2120874753-2712795160-1237583058-2671294620-1237654743,bf494e35-c009-4c74-a5c6-3cb2cd26bb51,7476e97a-3243-4122-9df6-ba7d82a5279b,2024-04-24T11:43:21.363+02:00,2024-04-24T09:43:50.1374838Z,FALSE
61b8e6f5-4565-481f-9f85-00079d079151,2badebec-8b1a-43d2-b7db-c2d352357051,Voor,15,SP,SP,FALSE,,S-1-365867521-2120874753-3918075670-1133036099-4208265915-4115381510,,a3689bb6-3914-4d5c-a6a8-42e24582e299,2012-04-11T16:19:21.003+02:00,2019-07-26T13:02:52.8785535Z,FALSE
53367c56-54a8-4ec3-b6e1-0007b2b15ced,738c708b-ad4a-4fc8-a248-580d0cf3306f,Tegen,9,PvdA,PvdA,FALSE,,S-1-365867521-2120874753-2900001417-1207812138-1581088948-1481602963,,8d46d23c-4f20-49be-b279-5439a2ef8d17,2020-06-10T09:54:10.437+02:00,2020-06-10T07:54:54.7500499Z,FALSE
e2ac87d6-8fbb-4e57-9abb-0007b5bab954,fcb9eeb5-025c-4512-89f0-aa9b2387e3e1,Voor,1,Omtzigt,Omtzigt,FALSE,,S-1-365867521-2120874753-3843499695-1215423333-3795623564-179360609,,acc6e04b-e53e-489b-8904-dc91d3af2e11,2023-10-25T11:35:31.747+02:00,2023-10-25T09:36:05.827157Z,FALSE
30acf489-9b27-40f1-bc57-0007b90637e3,b0ffd753-028e-4c03-b5b5-f1bd061d229c,Voor,24,PVV,PVV,FALSE,,S-1-365867521-2120874753-203711267-1259409971-1122177929-1764465637,,65129918-f256-4975-9da4-488da34d6695,2019-10-21T11:55:52.817+02:00,2019-10-22T00:40:38.3437983Z,FALSE
959b5a83-9c89-4619-8738-0007baf35615,215fc545-4df7-47d5-8eb1-d91cd5aecc5c,Tegen,24,VVD,VVD,FALSE,,S-1-365867521-2120874753-2712795160-1237583058-2671294620-1237654743,,7476e97a-3243-4122-9df6-ba7d82a5279b,2024-11-06T09:16:05.58+01:00,2024-11-06T08:16:51.3167433Z,FALSE
2d0e66ca-5103-4331-8dfa-0007c84f567e,4ed32d5a-18ae-413c-83c6-70a9fc45652c,Voor,14,SP,SP,FALSE,,S-1-365867521-2120874753-3918075670-1133036099-4208265915-4115381510,,a3689bb6-3914-4d5c-a6a8-42e24582e299,2019-12-18T15:04:01.387+01:00,2019-12-18T14:05:04.4804304Z,FALSE
6b252b7a-c928-4a33-b2bf-0007d71268cd,7a9ab2b1-c2c7-460d-b9eb-7c7316fe16be,Tegen,40,"Linde van der, R.E.",VVD,FALSE,S-1-365867521-2120874753-1498098011-1323886580-1887094195-4039413276,S-1-365867521-2120874753-2712795160-1237583058-2671294620-1237654743,1899007b-67d2-4699-b896-2fdd92b69fc1,7476e97a-3243-4122-9df6-ba7d82a5279b,2019-10-21T11:52:47.993+02:00,2019-10-21T20:41:20.2975315Z,FALSE
fd7c3d7e-74d8-4124-999d-0007f12b7a8b,207df65f-b334-4a60-8a1d-b5f3bd6e0a27,Tegen,12,PVV,PVV,FALSE,,S-1-365867521-2120874753-203711267-1259409971-1122177929-1764465637,,65129918-f256-4975-9da4-488da34d6695,2019-10-21T11:54:17.57+02:00,2019-10-22T00:07:47.4493206Z,FALSE
99ac1ef2-f6e1-4025-aeaa-000809f22274,3f1d045d-e41e-4a02-9a4a-f71d2f812436,Tegen,1,BBB,BBB,FALSE,,S-1-365867521-2120874753-3989062109-1173306659-2208517255-2082135607,,626555ac-e836-44e3-9978-a6a7f0abc3ce,2022-12-23T10:53:46.28+01:00,2022-12-23T09:54:31.2036391Z,FALSE
fe4142fb-925b-43fc-be2c-00081489aafa,ba6b9ebf-d932-42fe-8fbc-cb830ccad946,Tegen,14,GroenLinks,GroenLinks,FALSE,,S-1-365867521-2120874753-2386850707-1282307975-941586345-2594443466,,8fd1a907-0355-4d27-8dc1-fd5a531b471e,2019-10-21T11:55:52.94+02:00,2019-10-22T00:40:44.9063114Z,FALSE
7f8f1459-1bf7-4fde-a20e-000818f1b1b9,89b3fc99-a32a-493d-a61c-731ecd7a6884,Voor,1,BBB,BBB,FALSE,,S-1-365867521-2120874753-3989062109-1173306659-2208517255-2082135607,,626555ac-e836-44e3-9978-a6a7f0abc3ce,2023-07-07T13:30:07.89+02:00,2023-07-07T11:30:51.7897951Z,FALSE
b8b3c616-bd58-4ead-b9e5-00081f5d656a,c4a37b68-afdf-4fa7-9a7a-abda5a4f8069,Voor,2,Volt,Volt,FALSE,,S-1-365867521-2120874753-4235502623-1217496042-898446246-117104789,,ae48391e-ce4d-47e0-86e3-ee310282f66f,2024-06-05T10:34:07.41+02:00,2024-06-05T08:34:58.0851726Z,FALSE
af4a4148-d68e-4ec6-9513-000827569a1e,908cf6d0-f123-46c9-96d3-25f2e781f442,Voor,17,PVV,PVV,FALSE,,S-1-365867521-2120874753-203711267-1259409971-1122177929-1764465637,,65129918-f256-4975-9da4-488da34d6695,2021-10-27T08:52:05.463+02:00,2021-10-27T06:53:10.2619542Z,FALSE
504f0bd6-1c3f-4ac8-9881-000848ef537b,1b9f61f8-f40b-4caf-8797-8176e730bf1d,Voor,19,CDA,CDA,FALSE,,S-1-365867521-2120874753-3726368973-1295802169-2588631453-4180503461,,62c1a13c-85ff-40ed-90f7-a9546d61f869,2018-07-06T14:54:07.68+02:00,2019-07-26T12:58:58.0344183Z,FALSE
0a4a81a6-cb7c-4d16-bf8d-000867a04fb1,7b21eddb-3df8-4352-a797-ef26db00b32c,Voor,20,PVV,PVV,FALSE,,S-1-365867521-2120874753-203711267-1259409971-1122177929-1764465637,,65129918-f256-4975-9da4-488da34d6695,2020-12-18T08:47:34.503+01:00,2020-12-18T07:48:22.4345548Z,FALSE
01146757-6d0c-46aa-a675-00089260b592,6cca4a6f-78d6-4599-a4f4-234b3987e494,Voor,1,Bontes,Bontes,FALSE,,S-1-365867521-2120874753-4267929431-1140273548-3614886576-827273546,,831e85cb-62dc-4341-84ec-78c3c593c244,2019-10-21T11:54:19.533+02:00,2019-10-22T00:10:36.9809018Z,FALSE
b8dfd022-4313-430e-9457-0008efa30fc7,ff24d051-3845-4380-bd08-f5deacbdab44,Tegen,12,PVV,PVV,FALSE,,S-1-365867521-2120874753-203711267-1259409971-1122177929-1764465637,,65129918-f256-4975-9da4-488da34d6695,2019-10-21T11:54:45.323+02:00,2019-10-22T00:17:22.5598184Z,FALSE
396bf101-70e0-437d-aea1-0008f29e5199,26419eed-b8d5-41b4-b4ef-f5c354b1370e,Voor,15,SP,SP,FALSE,,S-1-365867521-2120874753-3918075670-1133036099-4208265915-4115381510,,a3689bb6-3914-4d5c-a6a8-42e24582e299,2019-10-21T11:56:15.03+02:00,2019-10-22T00:45:59.7506764Z,FALSE
b9d761a1-0410-4721-8816-00090e7f5195,67306ee0-1eb1-4d19-8872-53e896a98fd3,Voor,4,GroenLinks,GroenLinks,FALSE,,S-1-365867521-2120874753-2386850707-1282307975-941586345-2594443466,,8fd1a907-0355-4d27-8dc1-fd5a531b471e,2019-10-21T11:52:41.613+02:00,2019-10-21T19:45:03.2174979Z,FALSE
fff04ce9-8c34-4958-ae74-00091c041c7e,843e93f3-ea54-4056-92c8-89a27bc1841a,Tegen,32,VVD,VVD,FALSE,,S-1-365867521-2120874753-2712795160-1237583058-2671294620-1237654743,,7476e97a-3243-4122-9df6-ba7d82a5279b,2021-01-06T09:27:18.71+01:00,2021-01-06T08:28:13.7080514Z,FALSE
7e7975f8-52c6-42f7-8a4e-000942ce63ce,8c5e9d2d-3a11-425d-89c0-bdaeb7cd7b44,Tegen,6,PvdD,PvdD,FALSE,,S-1-365867521-2120874753-3375217526-1184288014-3809460365-2544511686,,d3b4d880-ef37-4ce6-99ec-4940266ac466,2021-06-30T13:31:47.95+02:00,2021-06-30T11:32:31.6451714Z,FALSE
ceffd129-627e-4381-ba5a-00094779de19,10ec8f22-0f02-44db-8dd9-3557af9e9d7f,Voor,3,DENK,DENK,FALSE,,S-1-365867521-2120874753-3073972497-1296662242-838683525-3414854606,,deb74bb5-63a9-4ffc-98ed-af577167452e,2019-11-13T12:47:37.7+01:00,2019-11-13T11:47:49.7384673Z,FALSE
b4081c8f-a3c1-40a7-8f80-0009555bb793,1bf0d390-47b9-43fb-8b7e-2e0492623856,Voor,3,DENK,DENK,FALSE,,S-1-365867521-2120874753-3073972497-1296662242-838683525-3414854606,,deb74bb5-63a9-4ffc-98ed-af577167452e,2021-02-03T09:26:05.233+01:00,2021-02-03T08:26:54.9968341Z,FALSE
df8eab50-7e93-4ea0-89b7-000982e856b2,8e8e4da9-415c-41e5-a6d9-639cfadde8be,Voor,10,D66,D66,FALSE,,S-1-365867521-2120874753-1399399692-1206643224-3316825768-479228828,,4e9f6f5b-2544-4667-8134-6b85c4ebb4e0,2019-10-21T11:54:49.59+02:00,2019-10-22T00:22:59.388603Z,FALSE
59aa3bdb-9dcd-43f6-8d11-0009856fb2de,3792dc96-e437-4379-9682-6e0908d69985,Voor,10,GroenLinks,GroenLinks,FALSE,,S-1-365867521-2120874753-2386850707-1282307975-941586345-2594443466,,8fd1a907-0355-4d27-8dc1-fd5a531b471e,2019-10-21T11:54:01.577+02:00,2019-10-21T22:49:29.9245052Z,FALSE
95b5f7e8-4c73-432b-a545-0009a5a5ea7a,bea301a5-8332-45fd-86c7-12a7c8fb9432,Tegen,33,"Koopmans, S.M.G.",VVD,FALSE,S-1-365867521-2120874753-2941852190-1221464332-2882109831-3265775625,S-1-365867521-2120874753-2712795160-1237583058-2671294620-1237654743,f29c0ba8-4d4a-4cca-bb1b-229f68b4ae6a,7476e97a-3243-4122-9df6-ba7d82a5279b,2019-10-21T11:54:01.767+02:00,2019-10-21T22:50:37.2527638Z,FALSE
787c8df6-0a76-4262-945d-0009c6a69849,7815af77-0f64-488e-82c2-8b9d59b5bc24,Tegen,15,SP,SP,FALSE,,S-1-365867521-2120874753-3918075670-1133036099-4208265915-4115381510,,a3689bb6-3914-4d5c-a6a8-42e24582e299,2019-10-21T11:53:59.93+02:00,2019-10-21T22:39:32.0483356Z,FALSE
f28ae477-8011-4c16-9b6e-0009c7c4fd68,fa795519-4e1a-433c-8aff-79997f733652,Tegen,34,"Minhas, F.B.",VVD,FALSE,S-1-365867521-2120874753-137794734-1238654612-2558054290-2345304043,S-1-365867521-2120874753-2712795160-1237583058-2671294620-1237654743,cd02edbc-106e-46d1-8d70-6594741356ea,7476e97a-3243-4122-9df6-ba7d82a5279b,2022-06-21T17:49:07.443+02:00,2022-06-21T15:49:34.8482849Z,FALSE
ef733c13-f786-4b7e-8f58-0009cfdd148b,358fd686-3d54-4aeb-b5c5-9eb14f00c915,Voor,2,Groep Krol/vKA,Groep Krol/vKA,FALSE,,S-1-365867521-2120874753-4271998952-1257424490-3836478089-1862947303,,ae60c2d3-5f87-4170-8f0c-503c36ddd130,2020-07-03T10:32:42.827+02:00,2020-07-03T08:33:48.9704634Z,FALSE
8594318f-78c6-49e5-9992-000a03cd18b5,6b3ac6b7-57dd-499e-8843-376c5173cef9,Tegen,17,PVV,PVV,FALSE,,S-1-365867521-2120874753-203711267-1259409971-1122177929-1764465637,,65129918-f256-4975-9da4-488da34d6695,2023-02-10T09:43:29.75+01:00,2023-02-10T08:44:40.1870495Z,FALSE
6c454ea0-756d-482d-8df6-000a20292598,928f4e49-cf1a-48c7-a4e1-00fa9cd30bf8,Tegen,3,SGP,SGP,FALSE,,S-1-365867521-2120874753-1520352372-1191064225-1239257728-506288080,,77f9b6f1-b1a9-4d1b-a05e-9936e79d8fa5,2022-09-14T09:14:26.923+02:00,2022-09-14T07:14:54.4315455Z,FALSE
b284a93c-90c9-4fc6-8821-000a3fe272e4,3828cf70-5619-4270-9638-c937df3382b1,Tegen,3,DENK,DENK,TRUE,,S-1-365867521-2120874753-3073972497-1296662242-838683525-3414854606,,deb74bb5-63a9-4ffc-98ed-af577167452e,2019-10-21T11:52:49.373+02:00,2019-10-21T20:53:25.2851875Z,FALSE
71939c53-ae75-435f-b268-000a4e662cbb,e27ffc70-08ac-4431-a599-cc2f3a3c0761,Voor,1,Gündogan,Gündogan,FALSE,,S-1-365867521-2120874753-1584384643-1079782423-2531267504-3289657989,,ab3fa1a5-3bd9-413e-957f-61b2a697c967,2022-11-30T09:16:27.24+01:00,2022-11-30T08:17:01.3275908Z,FALSE
69199d13-c256-4b34-9561-000a6361345b,d2ed888a-c5bd-4aca-b32e-1293f0bc74e8,Tegen,7,GroenLinks,GroenLinks,FALSE,,S-1-365867521-2120874753-2386850707-1282307975-941586345-2594443466,,8fd1a907-0355-4d27-8dc1-fd5a531b471e,2019-10-21T11:51:42.737+02:00,2019-10-21T16:43:53.8525356Z,FALSE
a10bfecd-b7e5-4ee1-ba26-000a74047bdc,d4a5a87e-2a61-431e-9f09-cdcd4209716f,Tegen,2,50PLUS,50PLUS,FALSE,,S-1-365867521-2120874753-800324394-1119149088-3622860163-3864343712,,a34bf6c8-834e-4dba-b4d2-f2f1b3957bd2,2019-10-21T11:55:49.54+02:00,2019-10-22T00:38:33.7498033Z,FALSE
4b812fcb-4ff8-4189-9fad-000a81e130ce,343f50c4-636f-478e-b23a-6affd3706c7f,Voor,3,DENK,DENK,FALSE,,S-1-365867521-2120874753-3073972497-1296662242-838683525-3414854606,,deb74bb5-63a9-4ffc-98ed-af577167452e,2017-10-11T09:32:22.89+02:00,2019-07-26T12:56:19.9402855Z,FALSE
42de4327-9fc3-4277-abdb-000a9bbe968d,90ad06ff-8c1d-4ec5-89de-46cefe81f767,Tegen,3,DENK,DENK,FALSE,,S-1-365867521-2120874753-3073972497-1296662242-838683525-3414854606,,deb74bb5-63a9-4ffc-98ed-af577167452e,2022-04-20T11:12:50.033+02:00,2022-04-20T09:13:22.9724207Z,FALSE
609606cc-528f-4422-b21c-000aaebf7792,73729f46-2519-4f99-a69f-c388c9d9eec2,Tegen,3,SGP,SGP,FALSE,,S-1-365867521-2120874753-1520352372-1191064225-1239257728-506288080,,77f9b6f1-b1a9-4d1b-a05e-9936e79d8fa5,2019-10-21T11:54:50.94+02:00,2019-10-22T00:25:05.9982249Z,FALSE
e2d4302b-c44d-4a4a-a156-000ab9081b64,250001b9-8af8-4e49-9fbb-4b112919db86,Voor,14,CDA,CDA,FALSE,,S-1-365867521-2120874753-3726368973-1295802169-2588631453-4180503461,,62c1a13c-85ff-40ed-90f7-a9546d61f869,2023-10-11T13:07:35.317+02:00,2023-10-11T11:08:06.2912859Z,FALSE
8844847c-1b3f-4d5a-bb8e-000abb6a9733,92853c60-d5d6-4acc-bbb7-5213244a8a5f,Voor,1,50PLUS,50PLUS,FALSE,,S-1-365867521-2120874753-800324394-1119149088-3622860163-3864343712,,a34bf6c8-834e-4dba-b4d2-f2f1b3957bd2,2019-10-21T11:53:58.583+02:00,2019-10-21T22:31:20.844254Z,FALSE
4164f431-a6bd-41c7-9d83-000abe7badc0,e5f9c2ee-0f04-44b7-b637-ec0a2090038a,Voor,25,SP,SP,FALSE,,S-1-365867521-2120874753-3918075670-1133036099-4208265915-4115381510,,a3689bb6-3914-4d5c-a6a8-42e24582e299,2019-10-21T11:54:45.43+02:00,2019-10-22T00:17:29.1692055Z,FALSE
12bd03a1-a6ce-456f-b7f8-000afa3d4d4c,c02d1c2f-ce9f-403f-b1cb-e8bd8085c213,Voor,32,VVD,VVD,FALSE,,S-1-365867521-2120874753-2712795160-1237583058-2671294620-1237654743,,7476e97a-3243-4122-9df6-ba7d82a5279b,2020-04-02T09:36:58.52+02:00,2020-04-02T07:37:32.4439028Z,FALSE
90393254-e6fc-4e0c-8dae-000b17e79aca,7da459e8-2fff-4e0b-b5e6-02fd0192a4d0,Tegen,5,ChristenUnie,ChristenUnie,FALSE,,S-1-365867521-2120874753-1996180723-1207380569-88002741-3031566280,,d720f5af-0516-408a-b830-0b6ffb8a581c,2019-10-21T11:56:11.64+02:00,2019-10-22T00:44:13.281716Z,FALSE
6b696221-6670-48b6-8dde-000b2adcd1eb,f3a7fbbd-ad8a-4cce-a7be-26d93dc6dd9e,Voor,9,PvdA,PvdA,FALSE,,S-1-365867521-2120874753-2900001417-1207812138-1581088948-1481602963,,8d46d23c-4f20-49be-b279-5439a2ef8d17,2021-03-11T07:24:13.317+01:00,2021-03-11T06:24:54.8489943Z,FALSE
0320bffb-2848-4e0a-aa21-000b2f357945,bed8591a-70b0-4209-8697-329adb987da5,Voor,32,VVD,VVD,FALSE,,S-1-365867521-2120874753-2712795160-1237583058-2671294620-1237654743,,7476e97a-3243-4122-9df6-ba7d82a5279b,2020-02-19T13:26:05.98+01:00,2020-02-19T12:26:35.2046565Z,FALSE
8cdd20c4-7d60-4599-882b-000b43497109,6061beac-9928-4af1-8610-e0b2d4661202,Voor,24,PVV,PVV,FALSE,,S-1-365867521-2120874753-203711267-1259409971-1122177929-1764465637,,65129918-f256-4975-9da4-488da34d6695,2019-10-21T11:53:57.607+02:00,2019-10-21T22:22:25.5932072Z,FALSE
ad379d74-517f-4692-a66c-000bb864a07a,9c64357f-0d07-4958-a2a4-69a7e21acf31,Tegen,2,Groep Bontes/Van Klaveren,GrBvK,FALSE,,S-1-365867521-2120874753-1505639877-1217394080-2280289159-1314074793,,fc594dee-bad8-4caf-ba89-9496537c3527,2019-10-21T11:54:45.4+02:00,2019-10-22T00:17:55.8723876Z,FALSE
7e05d9d7-d3ca-4d6b-b292-000bc327c24c,4b647dfc-21de-4327-b6af-2813f42cc02c,Tegen,5,CDA,CDA,FALSE,,S-1-365867521-2120874753-3726368973-1295802169-2588631453-4180503461,,62c1a13c-85ff-40ed-90f7-a9546d61f869,2024-06-05T10:44:54.83+02:00,2024-06-05T08:46:06.4302453Z,FALSE
6e9b840a-6f9e-42ab-b578-000bd153469a,9758880d-d2e6-4e16-85ca-6f20432f8932,Voor,3,SGP,SGP,FALSE,,S-1-365867521-2120874753-1520352372-1191064225-1239257728-506288080,,77f9b6f1-b1a9-4d1b-a05e-9936e79d8fa5,2021-04-23T09:42:46.15+02:00,2021-04-23T07:43:36.8809152Z,FALSE
39bd56f0-64a2-4725-87e6-000bde9c73e4,1f98abae-7715-4ad2-aa27-c0b51df249db,Voor,2,Volt,Volt,FALSE,,S-1-365867521-2120874753-4235502623-1217496042-898446246-117104789,,ae48391e-ce4d-47e0-86e3-ee310282f66f,2024-04-24T11:59:33.807+02:00,2024-04-24T10:00:00.380408Z,FALSE
8cbb8f0f-64b4-4b4e-a276-000beabf1dda,decabf7b-29e3-42ee-b318-c0252acfec57,Tegen,35,PvdA,PvdA,FALSE,,S-1-365867521-2120874753-2900001417-1207812138-1581088948-1481602963,,8d46d23c-4f20-49be-b279-5439a2ef8d17,2019-10-21T11:51:31.417+02:00,2019-10-21T14:19:18.3199003Z,FALSE
dfba4626-30a8-44c6-b970-000c056b27d7,bb3afd56-5d74-4f79-a43b-335938349cd3,Voor,1,BBB,BBB,FALSE,,S-1-365867521-2120874753-3989062109-1173306659-2208517255-2082135607,,626555ac-e836-44e3-9978-a6a7f0abc3ce,2023-05-31T10:45:44.037+02:00,2023-05-31T08:46:32.9298265Z,FALSE
4f688997-f54f-45d7-bad8-000c37b893a1,25ffa02c-61ba-4d5e-93a4-55c5eac596ea,Voor,3,SGP,SGP,FALSE,,S-1-365867521-2120874753-1520352372-1191064225-1239257728-506288080,,77f9b6f1-b1a9-4d1b-a05e-9936e79d8fa5,2020-03-04T11:40:07.743+01:00,2020-03-04T10:41:09.8506072Z,FALSE
e66fd989-4690-4c9a-ac68-000c9d5b9fd2,d798bb7d-fe5f-4c2c-9cd0-da2b6c54cfa2,Voor,3,SGP,SGP,FALSE,,S-1-365867521-2120874753-1520352372-1191064225-1239257728-506288080,,77f9b6f1-b1a9-4d1b-a05e-9936e79d8fa5,2019-10-21T11:54:11.007+02:00,2019-10-21T23:55:57.6823073Z,FALSE
86c16d47-68e1-43e0-8049-000cbd1f1f46,378d22ed-aa96-4ce7-ad5b-4d8dd6925d18,Voor,25,"Stultiens, L.C.J.",GroenLinks-PvdA,FALSE,S-1-365867521-2120874753-4292145740-1149950475-3531015608-3529857930,S-1-365867521-2120874753-4073584695-1095381795-2473312939-1823855426,7a727f46-0e36-493f-8779-736d3250fb27,0208097d-ef04-438a-8c29-eebb84956204,2024-04-24T11:55:23.163+02:00,2024-04-24T09:55:59.6095224Z,FALSE
d4fbc4bc-7278-4ca9-a4a3-000cd462830d,fe79407f-26f3-43d1-a799-bd17b735f974,Voor,25,GroenLinks-PvdA,GroenLinks-PvdA,FALSE,,S-1-365867521-2120874753-4073584695-1095381795-2473312939-1823855426,,0208097d-ef04-438a-8c29-eebb84956204,2025-04-02T11:26:12.557+02:00,2025-04-02T09:26:17.5576278Z,FALSE
494a8708-f428-4071-bb28-000ce6c131fe,f1b32418-142d-46da-b03e-e950da880019,Tegen,32,VVD,VVD,FALSE,,S-1-365867521-2120874753-2712795160-1237583058-2671294620-1237654743,,7476e97a-3243-4122-9df6-ba7d82a5279b,2019-09-25T10:01:31.91+02:00,2019-09-25T08:02:29.1077156Z,FALSE
beecbafb-04f7-4611-b5ed-000cf31e1a4c,981a2602-ec82-4a33-b681-444657c040c8,Voor,1,Klein,Klein,FALSE,,S-1-365867521-2120874753-597561070-1212314272-1203169936-1604725437,,eb72ccb0-e80a-42d0-8b15-ebc30051447c,2019-10-21T11:51:38.733+02:00,2019-10-21T15:56:35.4563208Z,FALSE
10fb620a-f8e2-4cd5-8fc6-000cfd32977d,6ba620c8-296a-4eac-a591-477d999388a7,Voor,21,VVD,VVD,FALSE,,S-1-365867521-2120874753-2712795160-1237583058-2671294620-1237654743,,7476e97a-3243-4122-9df6-ba7d82a5279b,2019-10-21T11:52:44.643+02:00,2019-10-21T20:16:04.9398876Z,FALSE
5b91f7d7-3b40-4434-ab79-000d02ecb5ee,9178c84d-391a-4a9b-b3fc-6b8c178e41fd,Voor,20,PVV,PVV,FALSE,,S-1-365867521-2120874753-203711267-1259409971-1122177929-1764465637,,65129918-f256-4975-9da4-488da34d6695,2020-11-04T09:04:50.88+01:00,2020-11-04T08:05:19.696948Z,FALSE
e611802f-7380-463f-8b89-000d2039c897,80c74ce8-f69b-4979-998b-32427aa1421c,Tegen,13,CDA,CDA,FALSE,,S-1-365867521-2120874753-3726368973-1295802169-2588631453-4180503461,,62c1a13c-85ff-40ed-90f7-a9546d61f869,2019-10-21T11:51:50.347+02:00,2019-10-21T17:53:05.2824848Z,FALSE
3e74445a-f3d9-40d9-9474-000d29d8af06,c1f54263-f1cc-4f0b-9c6c-3431a8a61dd6,Voor,3,SGP,SGP,FALSE,,S-1-365867521-2120874753-1520352372-1191064225-1239257728-506288080,,77f9b6f1-b1a9-4d1b-a05e-9936e79d8fa5,2019-10-21T11:51:19.62+02:00,2019-10-21T11:12:13.026781Z,FALSE
4b9c98c0-f9d2-4460-a48e-000d96e4b456,e8f37749-3889-4b34-98ef-41e8363b08f4,Tegen,1,Houwers,Houwers,FALSE,,S-1-365867521-2120874753-898657345-1092013115-859476142-768250380,,5b457d01-2569-40e3-9201-b99b1d80c471,2019-10-21T11:53:51.56+02:00,2019-10-21T21:41:30.9009038Z,FALSE
3cece3b0-d9bc-4280-bfe3-000da364a688,5dafd6e1-07e3-4990-9245-40108d8e704e,Voor,31,VVD,VVD,FALSE,,S-1-365867521-2120874753-2712795160-1237583058-2671294620-1237654743,,7476e97a-3243-4122-9df6-ba7d82a5279b,2011-11-16T14:38:42.78+01:00,2019-07-26T13:04:34.9256254Z,FALSE
56a464f9-84ad-4cb9-a96b-000db54a9a87,f0194ce7-f168-4cb7-b84f-d9c6ad1d270d,Tegen,17,PVV,PVV,FALSE,,S-1-365867521-2120874753-203711267-1259409971-1122177929-1764465637,,65129918-f256-4975-9da4-488da34d6695,2021-06-09T09:38:47.173+02:00,2021-06-09T07:39:33.9768054Z,FALSE
e3bc17b6-d53d-4f5a-8c21-000dbb6b8399,8cf1ed28-68e2-457f-8fc7-3ebe7776d7e3,Tegen,5,ChristenUnie,ChristenUnie,FALSE,,S-1-365867521-2120874753-1996180723-1207380569-88002741-3031566280,,d720f5af-0516-408a-b830-0b6ffb8a581c,2019-10-21T11:56:14.72+02:00,2019-10-22T00:45:47.235026Z,FALSE
ebe7f1e0-063f-4ced-959c-000dca761b08,76c016a0-58dd-4090-8deb-552b27655e7b,Tegen,41,VVD,VVD,FALSE,,S-1-365867521-2120874753-2712795160-1237583058-2671294620-1237654743,,7476e97a-3243-4122-9df6-ba7d82a5279b,2019-10-21T11:55:00.917+02:00,2019-10-22T00:34:05.2336581Z,FALSE
b101ecd3-30d1-44fd-ade3-000dce183ff5,473c9680-447c-4cfb-9f0e-149bece2837b,Voor,36,PvdA,PvdA,FALSE,,S-1-365867521-2120874753-2900001417-1207812138-1581088948-1481602963,,8d46d23c-4f20-49be-b279-5439a2ef8d17,2019-10-21T11:52:53.97+02:00,2019-10-21T21:31:23.3840903Z,FALSE
eadf641a-b9c1-49ae-889d-000dd57b7870,e925f4c1-7932-459a-a7e4-11dc346aaa47,Tegen,3,SGP,SGP,FALSE,,S-1-365867521-2120874753-1520352372-1191064225-1239257728-506288080,,77f9b6f1-b1a9-4d1b-a05e-9936e79d8fa5,2019-10-21T11:56:14.023+02:00,2019-10-22T00:45:06.5943206Z,FALSE
30990123-a394-42b0-967c-000ddb6f35a0,2e67f565-9649-426d-a086-8060bcf5e674,Tegen,25,GroenLinks-PvdA,GroenLinks-PvdA,FALSE,,S-1-365867521-2120874753-4073584695-1095381795-2473312939-1823855426,,0208097d-ef04-438a-8c29-eebb84956204,2024-12-11T09:56:57.19+01:00,2024-12-11T08:57:30.3033397Z,FALSE
a196746f-d3d9-4c8c-9d88-000ddedd0533,4ecabac6-8a02-4a78-aa2b-7b279380e2d8,Tegen,24,VVD,VVD,FALSE,,S-1-365867521-2120874753-2712795160-1237583058-2671294620-1237654743,,7476e97a-3243-4122-9df6-ba7d82a5279b,2025-03-26T11:06:14.463+01:00,2025-03-26T10:06:21.5526842Z,FALSE
37d161d2-9714-45da-9098-000de6375466,0a9fcb4b-cc11-4ccd-879f-768c8f8c0822,Voor,41,VVD,VVD,FALSE,,S-1-365867521-2120874753-2712795160-1237583058-2671294620-1237654743,,7476e97a-3243-4122-9df6-ba7d82a5279b,2019-10-21T11:54:57.15+02:00,2019-10-22T00:31:47.0458825Z,FALSE
9f92c457-e2fb-4b5e-bfa6-000df4ef5398,f3fbbb8e-0e9b-4e5c-b8d9-00b563db528f,Voor,2,FVD,FVD,FALSE,,S-1-365867521-2120874753-318435223-1117601640-3929610418-2100278038,,e0b7b638-de3c-47cc-85bd-341dd65ea33d,2021-02-15T08:54:16.95+01:00,2021-02-15T07:58:18.5813694Z,FALSE
d9471414-f3fd-4ad1-bae4-000df57c0d89,73540e42-29f4-404b-8430-e415fcec3910,Voor,13,CDA,CDA,FALSE,,S-1-365867521-2120874753-3726368973-1295802169-2588631453-4180503461,,62c1a13c-85ff-40ed-90f7-a9546d61f869,2019-10-21T11:53:59.947+02:00,2019-10-21T22:39:32.0639676Z,FALSE
50f337dc-d162-4695-8825-000dfe999bdb,6f18bb69-aee5-4fc0-adc1-513a0d31702b,Voor,9,"Nispen van, M.",SP,FALSE,S-1-365867521-2120874753-2011757681-1190646672-127315336-3202845941,S-1-365867521-2120874753-3918075670-1133036099-4208265915-4115381510,fdc445bd-f8fe-4cfc-b387-7fd66a181674,a3689bb6-3914-4d5c-a6a8-42e24582e299,2022-02-11T10:41:02.887+01:00,2022-02-11T09:41:20.9900998Z,FALSE
9500bfeb-1361-412c-bbcf-000e27a3427e,109f620e-c459-4ef2-85e2-4c36161a6884,Voor,3,DENK,DENK,FALSE,,S-1-365867521-2120874753-3073972497-1296662242-838683525-3414854606,,deb74bb5-63a9-4ffc-98ed-af577167452e,2018-12-05T09:33:08.257+01:00,2019-07-26T12:56:19.2684127Z,FALSE
68dc7769-f228-40ee-9c5d-000e27edf317,d618e963-2621-40bd-8f7d-7054f946c492,Voor,1,Fractie Den Haan,Fractie Den Haan,FALSE,,S-1-365867521-2120874753-513075457-1269738686-1978012338-2999242761,,ea1ba564-db2c-4c57-b867-91ac4dcc5643,2023-03-29T13:34:30.82+02:00,2023-03-29T11:35:01.1660279Z,FALSE
97a97ac1-8196-4690-8eb2-000e4d7feac3,7b1795df-7c3f-4c51-b2e9-b11e280acb59,Voor,3,SGP,SGP,FALSE,,S-1-365867521-2120874753-1520352372-1191064225-1239257728-506288080,,77f9b6f1-b1a9-4d1b-a05e-9936e79d8fa5,2024-11-06T09:59:53.653+01:00,2024-11-06T09:00:42.2428112Z,FALSE
98f615a6-8fb5-4253-87a1-000e52b4358a,98ed2212-e10e-4b84-909f-00f322cee4e0,Tegen,12,PVV,PVV,FALSE,,S-1-365867521-2120874753-203711267-1259409971-1122177929-1764465637,,65129918-f256-4975-9da4-488da34d6695,2019-10-21T11:51:23.637+02:00,2019-10-21T12:25:23.6971642Z,FALSE
2a5fa88a-0dfd-425c-ac6c-000e77fa63c5,eb921c9d-a26a-4ae1-8199-031c3d29d132,Voor,3,ChristenUnie,ChristenUnie,FALSE,,S-1-365867521-2120874753-1996180723-1207380569-88002741-3031566280,,d720f5af-0516-408a-b830-0b6ffb8a581c,2024-04-24T10:19:27.917+02:00,2024-04-24T08:20:05.0834961Z,FALSE
386885ef-3176-4393-ba5e-000e83e23a51,87e964f3-b0a2-4d72-942d-c92988ced163,Tegen,1,Verdonk,Verdonk,FALSE,,S-1-365867521-2120874753-3350301090-1146860309-3700663719-1341196365,,489c052b-1917-4a1e-918d-1ef58fda123b,2019-10-21T11:51:52.19+02:00,2019-10-21T18:10:20.9407629Z,FALSE
2c8f5a1e-7e56-4f7b-89bb-000e873c2064,12841b1b-fdad-4afc-8c3f-1e23328d7615,Voor,9,PvdA,PvdA,FALSE,,S-1-365867521-2120874753-2900001417-1207812138-1581088948-1481602963,,8d46d23c-4f20-49be-b279-5439a2ef8d17,2023-06-14T12:55:39.163+02:00,2023-06-14T10:56:55.126508Z,FALSE
3ea114f2-e765-4acd-aa30-000e8804f9eb,,,,,,FALSE,,,,,2019-09-29T11:14:02.05+02:00,2019-09-29T09:15:11.318536Z,TRUE
385e67b7-9ae8-47a6-bf32-000e90bbc0dc,0e58970f-1260-41d8-be9f-adbd132abaa4,Tegen,36,PvdA,PvdA,FALSE,,S-1-365867521-2120874753-2900001417-1207812138-1581088948-1481602963,,8d46d23c-4f20-49be-b279-5439a2ef8d17,2019-10-21T11:56:14.07+02:00,2019-10-22T00:45:07.1255775Z,FALSE
1227c9ef-95d0-4d54-b980-000ec5f437cc,e5a75305-bec9-413a-b2d2-b1ef76ba8cda,Voor,9,PvdA,PvdA,FALSE,,S-1-365867521-2120874753-2900001417-1207812138-1581088948-1481602963,,8d46d23c-4f20-49be-b279-5439a2ef8d17,2023-06-21T11:28:39.5+02:00,2023-06-21T09:29:36.1541028Z,FALSE
78c38737-d5ff-4345-9dc7-000ecce27c45,bddb5f70-8818-49b8-affb-2aa5f8ea33d1,Tegen,1,Van Vliet,Van Vliet,FALSE,,S-1-365867521-2120874753-2382917585-1146149961-4213640576-160456489,,e2c3dd23-f247-430a-9c94-53f9f5c06c0b,2019-10-21T11:52:47.353+02:00,2019-10-21T20:36:17.0135859Z,FALSE
c3491c09-838c-4443-8d44-000ecf6a9a79,83587af2-4518-4da9-972c-508e7cee7f50,Voor,21,VVD,VVD,FALSE,,S-1-365867521-2120874753-2712795160-1237583058-2671294620-1237654743,,7476e97a-3243-4122-9df6-ba7d82a5279b,2019-10-21T11:51:32.027+02:00,2019-10-21T14:26:17.9144759Z,FALSE
e638fde2-1569-472b-af42-000f1ac1bcf3,bebc9cec-55bf-4176-b0ed-1c93ed406dfe,Voor,20,NSC,NSC,FALSE,,S-1-365867521-2120874753-1047008486-1154286352-26167960-3781665883,,ad182a43-bc8c-40b3-894d-4a92515e70e7,2024-11-13T10:25:01.72+01:00,2024-11-13T09:25:33.4149215Z,FALSE
cc6f3789-0b81-4d2c-84a2-000f2527538d,6cf0be57-a0da-47fb-bff8-5d611436c258,Voor,5,ChristenUnie,ChristenUnie,FALSE,,S-1-365867521-2120874753-1996180723-1207380569-88002741-3031566280,,d720f5af-0516-408a-b830-0b6ffb8a581c,2010-12-20T11:32:34.057+01:00,2019-07-26T13:03:27.4411201Z,FALSE
97888c50-71e3-4f85-9c8f-000f29c10873,ef3b61c1-054c-45fd-8101-5b3ba04823c0,Tegen,1,Houwers,Houwers,FALSE,,S-1-365867521-2120874753-898657345-1092013115-859476142-768250380,,5b457d01-2569-40e3-9201-b99b1d80c471,2019-10-21T11:52:42.593+02:00,2019-10-21T19:55:11.0780593Z,FALSE
f0553e29-9ba8-4d73-8c67-000f2b4d7f8d,8f578194-16c4-4efd-b041-296812ff216b,Tegen,20,PVV,PVV,FALSE,,S-1-365867521-2120874753-203711267-1259409971-1122177929-1764465637,,65129918-f256-4975-9da4-488da34d6695,2021-03-25T07:45:42.117+01:00,2021-03-25T06:46:30.591278Z,FALSE
804fd81f-13d6-4cee-a39c-000f4eaa88f9,cf4fa63e-569b-4498-9160-04df13e790f4,Voor,14,"Kröger, S.C.",GroenLinks,FALSE,S-1-365867521-2120874753-228026139-1303698870-2207969931-1280118111,S-1-365867521-2120874753-2386850707-1282307975-941586345-2594443466,89d70a20-bd10-46ed-866a-2c79362a0559,8fd1a907-0355-4d27-8dc1-fd5a531b471e,2020-08-20T10:38:24.79+02:00,2020-08-20T08:39:17.9367922Z,FALSE
29b5d7d5-9b34-4004-80d9-000f507ac37c,468212ed-4850-46ff-b6a7-cb50ed9c87ab,Tegen,13,CDA,CDA,FALSE,,S-1-365867521-2120874753-3726368973-1295802169-2588631453-4180503461,,62c1a13c-85ff-40ed-90f7-a9546d61f869,2019-10-21T11:56:08.907+02:00,2019-10-22T00:42:33.3909018Z,FALSE
6ba59616-8d1f-4ec7-a650-000f52104ec6,b8b69837-c88e-4ea0-b82a-b7da96b36cc4,Voor,3,SGP,SGP,FALSE,,S-1-365867521-2120874753-1520352372-1191064225-1239257728-506288080,,77f9b6f1-b1a9-4d1b-a05e-9936e79d8fa5,2020-10-07T07:56:41.96+02:00,2020-10-07T05:57:13.0627786Z,FALSE
f175ac63-eea4-4f08-9d82-000f691c7512,7e9a029f-e3ce-416b-ab96-f68367dcf87c,Voor,1,50PLUS,50PLUS,FALSE,,S-1-365867521-2120874753-800324394-1119149088-3622860163-3864343712,,a34bf6c8-834e-4dba-b4d2-f2f1b3957bd2,2019-10-21T11:53:53.357+02:00,2019-10-21T21:52:28.652193Z,FALSE
ca81e315-b165-4515-834a-000f78ec34c9,62b7a17f-3e50-4890-852f-fcdee5cf930f,Tegen,5,ChristenUnie,ChristenUnie,FALSE,,S-1-365867521-2120874753-1996180723-1207380569-88002741-3031566280,,d720f5af-0516-408a-b830-0b6ffb8a581c,2019-10-21T11:53:59.727+02:00,2019-10-21T22:38:24.5950799Z,FALSE
23d9f15e-2147-4d28-bef6-000f8469471d,b1d7fb14-b3a8-4157-81f0-cb5ce38679c3,Voor,6,ChristenUnie,ChristenUnie,FALSE,,S-1-365867521-2120874753-1996180723-1207380569-88002741-3031566280,,d720f5af-0516-408a-b830-0b6ffb8a581c,2008-12-19T11:29:40.907+01:00,2019-07-26T13:03:13.6754717Z,FALSE
9c7d990e-d839-44b0-97cc-001009cb94a1,93a9f345-c2d1-4184-a7f8-74c5f6c8b03c,Voor,3,JA21,JA21,FALSE,,S-1-365867521-2120874753-1140273598-1293453027-78920086-3633335541,,fab6e7e1-9d63-446a-a6e1-e1c74e3f679e,2022-10-05T09:19:42.07+02:00,2022-10-05T07:20:47.8099855Z,FALSE
8959381b-9f02-4297-9e29-00101813a7b6,be7135b5-f1ed-4af0-8cb6-6a3fb338f5cc,Voor,1,BIJ1,BIJ1,FALSE,,S-1-365867521-2120874753-1918632926-1156242138-2760815009-2890751523,,18e95d6d-1684-4fa0-968a-1a6140d2d793,2022-12-09T13:37:24.817+01:00,2022-12-09T12:37:55.5673194Z,FALSE
a5a4a7c5-6f5f-438f-9548-00103196a451,1aa0e657-1e03-4eba-b8d2-4363b227887e,Voor,19,CDA,CDA,FALSE,,S-1-365867521-2120874753-3726368973-1295802169-2588631453-4180503461,,62c1a13c-85ff-40ed-90f7-a9546d61f869,2021-01-27T09:41:33.687+01:00,2021-01-27T08:41:49.8418632Z,FALSE
b90ce80a-aec0-4045-b452-00103372d083,2c84a238-7248-4fdd-bf2f-1828b66b4aa8,Voor,4,GroenLinks,GroenLinks,FALSE,,S-1-365867521-2120874753-2386850707-1282307975-941586345-2594443466,,8fd1a907-0355-4d27-8dc1-fd5a531b471e,2019-10-21T11:55:49.993+02:00,2019-10-22T00:38:46.2810804Z,FALSE
ec143993-e61a-4df7-98fa-00103576d1c1,61db2c20-520f-4eba-b548-3d936352daae,Voor,20,PVV,PVV,FALSE,,S-1-365867521-2120874753-203711267-1259409971-1122177929-1764465637,,65129918-f256-4975-9da4-488da34d6695,2019-10-21T11:55:48.29+02:00,2019-10-22T00:37:51.9841004Z,FALSE
942ae728-2355-48f7-bea2-00105bf53b21,c9dfbb2f-711e-432e-93b2-b19eab6827a4,Voor,19,CDA,CDA,FALSE,,S-1-365867521-2120874753-3726368973-1295802169-2588631453-4180503461,,62c1a13c-85ff-40ed-90f7-a9546d61f869,2020-09-18T09:55:17.06+02:00,2020-09-18T07:56:05.5138923Z,FALSE
e54287ce-621a-436b-9614-001066a3fb49,8bb6093e-5a4d-42bf-a467-e1ab73ed41aa,Voor,2,50PLUS,50PLUS,FALSE,,S-1-365867521-2120874753-800324394-1119149088-3622860163-3864343712,,a34bf6c8-834e-4dba-b4d2-f2f1b3957bd2,2019-10-21T11:55:49.243+02:00,2019-10-22T00:38:05.7653742Z,FALSE
ef99f4cf-082d-4284-be91-001071e0b1f9,800f1cf2-8776-48dd-9875-ee9c0032523e,Tegen,3,SGP,SGP,FALSE,,S-1-365867521-2120874753-1520352372-1191064225-1239257728-506288080,,77f9b6f1-b1a9-4d1b-a05e-9936e79d8fa5,2019-10-21T11:54:03.94+02:00,2019-10-21T23:03:52.8636954Z,FALSE
54cc9f78-96ad-4853-910b-001073aeced7,e4d59860-5b45-4ae3-a328-d2e55ee9a6bd,Voor,5,PvdD,PvdD,FALSE,,S-1-365867521-2120874753-3375217526-1184288014-3809460365-2544511686,,d3b4d880-ef37-4ce6-99ec-4940266ac466,2019-10-21T11:55:50.777+02:00,2019-10-22T00:39:11.1405001Z,FALSE
d705210c-bef7-4439-baf2-0010d05a031d,0f6e0816-7421-436e-9ad8-887ea869a89f,Voor,2,FVD,FVD,FALSE,,S-1-365867521-2120874753-318435223-1117601640-3929610418-2100278038,,e0b7b638-de3c-47cc-85bd-341dd65ea33d,2021-02-15T08:54:17.28+01:00,2021-02-15T07:57:53.4875697Z,FALSE
d942161e-e44c-4ccb-a5bf-0010d4c8c384,87f6ab33-fac9-4127-91d6-59908d79f53c,Voor,2,Volt,Volt,FALSE,,S-1-365867521-2120874753-4235502623-1217496042-898446246-117104789,,ae48391e-ce4d-47e0-86e3-ee310282f66f,2024-03-06T11:11:56.04+01:00,2024-03-06T10:12:43.1200848Z,FALSE
36d96f87-2c72-4165-91c9-00110384c585,e384e0e5-5865-4adf-978d-e60d7785c36f,Voor,3,JA21,JA21,FALSE,,S-1-365867521-2120874753-1140273598-1293453027-78920086-3633335541,,fab6e7e1-9d63-446a-a6e1-e1c74e3f679e,2021-12-17T11:22:57.057+01:00,2021-12-17T10:23:15.5783616Z,FALSE
c3462d6e-385e-4f33-ab1d-001115201509,c9097a4d-5c8e-4b42-a444-f9462757e5bf,Tegen,3,DENK,DENK,FALSE,,S-1-365867521-2120874753-3073972497-1296662242-838683525-3414854606,,deb74bb5-63a9-4ffc-98ed-af577167452e,2019-10-21T11:51:49.77+02:00,2019-10-21T17:48:04.344397Z,FALSE
d7719ab2-c298-45f5-be73-00118c5ddf74,3042a39b-a362-4b44-98c7-70c6133f528c,Voor,3,JA21,JA21,FALSE,,S-1-365867521-2120874753-1140273598-1293453027-78920086-3633335541,,fab6e7e1-9d63-446a-a6e1-e1c74e3f679e,2022-11-09T10:40:20.623+01:00,2022-11-09T09:41:07.9468922Z,FALSE
7f134634-88a2-4bab-a876-0011a807eecb,59a087a6-9348-4677-9a58-cfc39708015e,Tegen,4,GroenLinks,GroenLinks,FALSE,,S-1-365867521-2120874753-2386850707-1282307975-941586345-2594443466,,8fd1a907-0355-4d27-8dc1-fd5a531b471e,2019-10-21T11:54:11.023+02:00,2019-10-21T23:56:02.9948162Z,FALSE
618c986b-9afc-4a95-a590-0011c60d8595,0440bbbd-3615-48f3-a7bc-341cc0de97bd,Tegen,9,PvdA,PvdA,FALSE,,S-1-365867521-2120874753-2900001417-1207812138-1581088948-1481602963,,8d46d23c-4f20-49be-b279-5439a2ef8d17,2019-09-11T11:16:51.373+02:00,2019-09-11T09:17:01.3338784Z,FALSE
2ae9c8f0-9eb1-4bfb-95ea-0011e05f5c80,b874fba4-57e8-4643-8a0e-b1263e505ec0,Voor,2,PvdD,PvdD,FALSE,,S-1-365867521-2120874753-3375217526-1184288014-3809460365-2544511686,,d3b4d880-ef37-4ce6-99ec-4940266ac466,2019-10-21T11:54:00.367+02:00,2019-10-21T22:43:27.611301Z,FALSE
7bdd05f3-e85b-45bd-84bc-0011e43286ae,defbec9c-a15f-4366-9594-a3752971e019,Tegen,19,CDA,CDA,FALSE,,S-1-365867521-2120874753-3726368973-1295802169-2588631453-4180503461,,62c1a13c-85ff-40ed-90f7-a9546d61f869,2020-09-30T08:53:56.683+02:00,2020-09-30T06:54:10.5139838Z,FALSE
2efee666-9d1c-4475-a7e2-0012048f209a,acb885aa-c49d-4d7a-b7a1-abbdd6140d21,Voor,1,Omtzigt,Omtzigt,FALSE,,S-1-365867521-2120874753-3843499695-1215423333-3795623564-179360609,,acc6e04b-e53e-489b-8904-dc91d3af2e11,2022-11-25T09:29:52.423+01:00,2022-11-25T08:31:09.5865968Z,FALSE
08956f1c-d068-4a44-9aa5-0012106faaf1,1da46051-155f-419c-8d4a-876eddc9b0f6,Voor,4,GroenLinks,GroenLinks,FALSE,,S-1-365867521-2120874753-2386850707-1282307975-941586345-2594443466,,8fd1a907-0355-4d27-8dc1-fd5a531b471e,2013-12-06T13:45:28.147+01:00,2019-07-26T13:04:15.4880903Z,FALSE
544047bd-cca4-4b3b-8c79-00121756812a,7d2dea1e-0513-4648-9be3-51d2a5909ba9,Tegen,3,JA21,JA21,FALSE,,S-1-365867521-2120874753-1140273598-1293453027-78920086-3633335541,,fab6e7e1-9d63-446a-a6e1-e1c74e3f679e,2022-10-19T09:07:34.383+02:00,2022-10-19T07:08:05.0789741Z,FALSE
7e430259-e2f4-4141-88bb-001269b6478c,7e96da23-9a19-4049-81a1-d4f7b7a9d71b,Tegen,12,D66,D66,FALSE,,S-1-365867521-2120874753-1399399692-1206643224-3316825768-479228828,,4e9f6f5b-2544-4667-8134-6b85c4ebb4e0,2019-10-21T11:51:44.13+02:00,2019-10-21T16:59:03.2292765Z,FALSE
1c7d657d-8394-40cd-a844-001272b9eef0,493c2f8b-b5aa-4976-bc2d-285a8a865bd2,Voor,40,VVD,VVD,FALSE,,S-1-365867521-2120874753-2712795160-1237583058-2671294620-1237654743,,7476e97a-3243-4122-9df6-ba7d82a5279b,2019-10-21T11:54:55.157+02:00,2019-10-22T00:29:29.7018646Z,FALSE
fc70e6e9-8db8-47e5-b4ba-00127ded5143,ca17f7c0-2cbe-4368-9f41-b240eb6915a0,Voor,10,D66,D66,FALSE,,S-1-365867521-2120874753-1399399692-1206643224-3316825768-479228828,,4e9f6f5b-2544-4667-8134-6b85c4ebb4e0,2019-10-21T11:52:48.823+02:00,2019-10-21T20:47:19.4986339Z,FALSE
a43592d0-d6d4-4d89-9fa0-001280b64ff9,5a95c2a9-4ccc-455e-9d58-9ae8bc7e335c,Voor,1,Van Haga,Van Haga,FALSE,,S-1-365867521-2120874753-1138293553-1102212945-3179611786-2618008449,,8140f3a2-f9c1-48a6-a0b2-7e6eb78b3006,2020-11-25T08:36:51.387+01:00,2020-11-25T07:37:49.8720846Z,FALSE
b2b41e27-cd30-4622-ae97-00128808bca4,51555e17-101f-4e18-8300-1e8a6b6078f2,Voor,21,CDA,CDA,FALSE,,S-1-365867521-2120874753-3726368973-1295802169-2588631453-4180503461,,62c1a13c-85ff-40ed-90f7-a9546d61f869,2019-10-21T11:53:51.28+02:00,2019-10-21T21:38:35.8380636Z,FALSE
6c492bd9-8a9d-43ba-8a28-00129be076b5,bdae3213-f6d7-4ffc-ab62-5514c1f36db7,Voor,1,Omtzigt,Omtzigt,FALSE,,S-1-365867521-2120874753-3843499695-1215423333-3795623564-179360609,,acc6e04b-e53e-489b-8904-dc91d3af2e11,2023-07-07T13:29:07.787+02:00,2023-07-07T11:30:04.0771721Z,FALSE
8fb4bf7d-fbd4-4d55-9b0d-0012bbec8a89,a646c13c-a3bb-4ca8-823a-44efadf87519,Tegen,12,D66,D66,FALSE,,S-1-365867521-2120874753-1399399692-1206643224-3316825768-479228828,,4e9f6f5b-2544-4667-8134-6b85c4ebb4e0,2016-10-12T12:26:28.213+02:00,2019-07-26T13:03:19.8161062Z,FALSE
2e085625-b4d6-41bb-b4d8-0012c423dc30,f4857807-b5f6-40c7-9bf8-3ae3f7da6ba6,Tegen,12,D66,D66,FALSE,,S-1-365867521-2120874753-1399399692-1206643224-3316825768-479228828,,4e9f6f5b-2544-4667-8134-6b85c4ebb4e0,2019-10-21T11:56:14.437+02:00,2019-10-22T00:45:40.7506403Z,FALSE
0925d559-3182-4ee4-a132-0012d3ba6784,c5466811-bf99-4da3-8f1c-00a32cf3558e,Voor,20,NSC,NSC,FALSE,,S-1-365867521-2120874753-1047008486-1154286352-26167960-3781665883,,ad182a43-bc8c-40b3-894d-4a92515e70e7,2024-12-06T09:54:37.457+01:00,2024-12-06T08:55:20.6701648Z,FALSE
68da1dd9-00f5-429f-8571-0012e78705a1,6044c48f-4bb2-47a0-b97c-0b865e328749,Tegen,25,SP,SP,FALSE,,S-1-365867521-2120874753-3918075670-1133036099-4208265915-4115381510,,a3689bb6-3914-4d5c-a6a8-42e24582e299,2019-10-21T11:55:51.31+02:00,2019-10-22T00:39:44.1405666Z,FALSE
c08f07cf-8c00-4ed2-84d6-0012f45d466e,4bd63b40-bc89-4208-93a3-82713111a2aa,Tegen,19,D66,D66,FALSE,,S-1-365867521-2120874753-1399399692-1206643224-3316825768-479228828,,4e9f6f5b-2544-4667-8134-6b85c4ebb4e0,2020-12-09T13:24:29.373+01:00,2020-12-09T12:25:21.1381924Z,FALSE
f9d9799a-2537-4588-9fc9-00133e42ca04,62fc394b-f39b-49f1-a173-340df507e262,Voor,1,50PLUS/Baay-Timmerman,50PLUS/Baay-Timmerman,FALSE,,S-1-365867521-2120874753-294624208-1229941825-2758669959-1720914222,,b094bfef-e14b-4868-8d2e-78e12c6077d1,2019-10-21T11:54:51.49+02:00,2019-10-22T00:25:05.638851Z,FALSE
d9f67483-b653-480e-ba0c-00134fb0f927,20f71897-0ffe-4e90-b436-7bbdc16d9031,Voor,31,"Blok, S.A.",VVD,FALSE,S-1-365867521-2120874753-1265095282-1239202898-1795554996-368894035,S-1-365867521-2120874753-2712795160-1237583058-2671294620-1237654743,909e3fd2-9883-448f-bb9f-33e57ad81f93,7476e97a-3243-4122-9df6-ba7d82a5279b,2012-05-29T15:06:10.243+02:00,2019-08-07T11:06:46.7661456Z,FALSE
4856dd79-bd45-406a-8ea3-00136d3dbf4e,2e34c36b-8b30-44fa-a809-6d7be1dfff79,Voor,3,FVD,FVD,FALSE,,S-1-365867521-2120874753-318435223-1117601640-3929610418-2100278038,,e0b7b638-de3c-47cc-85bd-341dd65ea33d,2024-11-20T09:29:01.003+01:00,2024-11-20T08:29:54.7548981Z,FALSE
4ad4cb7c-f699-4eeb-8529-00138580abc9,35043f5f-353b-4fd0-9f7d-0adcb534e2e2,Tegen,35,PvdA,PvdA,FALSE,,S-1-365867521-2120874753-2900001417-1207812138-1581088948-1481602963,,8d46d23c-4f20-49be-b279-5439a2ef8d17,2019-10-21T11:55:51.23+02:00,2019-10-22T00:39:50.3593296Z,FALSE
4952648e-2738-424d-ad58-0013e56a5079,823f3e64-a98f-4e4b-ad20-b494f0dd872c,Voor,30,"Vermeij, R.",PvdA,FALSE,S-1-365867521-2120874753-4035545502-1134036679-1866907562-1463842099,S-1-365867521-2120874753-2900001417-1207812138-1581088948-1481602963,aa316142-d6ee-4138-bf48-37cd7d11d058,8d46d23c-4f20-49be-b279-5439a2ef8d17,2012-05-23T13:09:20.67+02:00,2019-08-05T08:41:45.6857435Z,FALSE
71a306c3-1ce8-440b-b2fb-0013ea6b4550,a3758298-231d-4950-8144-4f8701ba5743,Niet deelgenomen,1,Verdonk,Verdonk,FALSE,,S-1-365867521-2120874753-3350301090-1146860309-3700663719-1341196365,,489c052b-1917-4a1e-918d-1ef58fda123b,2019-10-21T11:56:07.45+02:00,2019-10-22T00:41:44.2970525Z,FALSE
fe302dd2-cfd7-4460-8067-00140c9bbf79,220793df-9adf-4620-9773-a6fc4007e319,Tegen,2,Volt,Volt,FALSE,,S-1-365867521-2120874753-4235502623-1217496042-898446246-117104789,,ae48391e-ce4d-47e0-86e3-ee310282f66f,2023-06-14T12:38:57.063+02:00,2023-06-14T10:39:32.3000618Z,FALSE
4654c5fc-9ba3-4ad0-9653-00141f47d82d,38a3686b-bc21-4a52-ba04-fb0c5dd20bdf,Voor,2,Groep Bontes/Van Klaveren,GrBvK,FALSE,,S-1-365867521-2120874753-1505639877-1217394080-2280289159-1314074793,,fc594dee-bad8-4caf-ba89-9496537c3527,2019-10-21T11:54:40.6+02:00,2019-10-22T00:11:29.7310019Z,FALSE
a8a9399d-7c16-4009-ba16-001420159581,3e63dd49-ba45-48b9-9b29-336844d467e6,Voor,2,FVD,FVD,FALSE,,S-1-365867521-2120874753-318435223-1117601640-3929610418-2100278038,,e0b7b638-de3c-47cc-85bd-341dd65ea33d,2021-02-15T08:54:17.78+01:00,2021-02-15T07:57:38.7375393Z,FALSE
be5b856e-6e0c-4a19-b910-00142fbe8d3b,a1e7b77d-72da-4c9b-b775-530bbb2c11a7,Voor,12,D66,D66,FALSE,,S-1-365867521-2120874753-1399399692-1206643224-3316825768-479228828,,4e9f6f5b-2544-4667-8134-6b85c4ebb4e0,2019-10-21T11:55:46.233+02:00,2019-10-22T00:36:34.7964477Z,FALSE
bf47f72b-6c41-450b-84bb-00143692279e,7d7ab912-2d4a-4b77-8676-cef79395f88f,Tegen,1,Van Haga,Van Haga,FALSE,,S-1-365867521-2120874753-1138293553-1102212945-3179611786-2618008449,,8140f3a2-f9c1-48a6-a0b2-7e6eb78b3006,2020-09-18T09:34:33.653+02:00,2020-09-18T07:34:55.1364071Z,FALSE
c6346df7-e9bb-4277-be64-0014475fc235,8c0cdf15-b2f7-49e3-b2cf-f74127b3e59f,Voor,3,DENK,DENK,FALSE,,S-1-365867521-2120874753-3073972497-1296662242-838683525-3414854606,,deb74bb5-63a9-4ffc-98ed-af577167452e,2021-02-26T10:17:23.59+01:00,2021-02-26T09:18:13.3683025Z,FALSE
36bb8059-49e4-4a15-962f-0014ba5e6d58,78bfec3b-d98d-4c85-88dc-52af698f6251,Voor,36,PvdA,PvdA,FALSE,,S-1-365867521-2120874753-2900001417-1207812138-1581088948-1481602963,,8d46d23c-4f20-49be-b279-5439a2ef8d17,2015-09-30T13:14:31.737+02:00,2019-07-26T13:04:21.8006037Z,FALSE
bbde5f25-214a-49f6-80d3-0014d6874144,08083be5-9a3a-4cbc-9120-e00773d3be11,Tegen,13,CDA,CDA,FALSE,,S-1-365867521-2120874753-3726368973-1295802169-2588631453-4180503461,,62c1a13c-85ff-40ed-90f7-a9546d61f869,2019-10-21T11:51:36.72+02:00,2019-10-21T15:28:31.4530248Z,FALSE
3047cc86-3843-4d43-8346-0014dbf21809,a893c564-93b5-4307-8f11-635989aebba5,Voor,5,FVD,FVD,FALSE,,S-1-365867521-2120874753-318435223-1117601640-3929610418-2100278038,,e0b7b638-de3c-47cc-85bd-341dd65ea33d,2023-10-25T12:09:42.107+02:00,2023-10-25T10:10:44.7387365Z,FALSE
caeee2d7-f03b-4c49-a619-0014e67311d9,dd6199cf-cde7-469c-ade7-b5ea8194870b,Tegen,5,ChristenUnie,ChristenUnie,FALSE,,S-1-365867521-2120874753-1996180723-1207380569-88002741-3031566280,,d720f5af-0516-408a-b830-0b6ffb8a581c,2023-10-25T11:03:10.543+02:00,2023-10-25T09:03:56.7627286Z,FALSE
a84dcb49-c25a-4119-be54-0014e8fe4731,82545262-06b0-40e6-80c8-326d1d1e101a,Voor,8,GroenLinks,GroenLinks,FALSE,,S-1-365867521-2120874753-2386850707-1282307975-941586345-2594443466,,8fd1a907-0355-4d27-8dc1-fd5a531b471e,2022-04-20T11:42:41.117+02:00,2022-04-20T09:43:36.9055333Z,FALSE
0f221ef3-6173-470f-bc97-0014f2ed10ac,271d33bf-6063-4785-b486-a044ecea4927,Voor,7,GroenLinks,GroenLinks,FALSE,,S-1-365867521-2120874753-2386850707-1282307975-941586345-2594443466,,8fd1a907-0355-4d27-8dc1-fd5a531b471e,2019-10-21T11:54:15.067+02:00,2019-10-22T00:04:53.3083547Z,FALSE
bcf8d1b8-06cf-445f-8e1d-00150061a24b,e68c4fd3-d54d-4b5e-acc7-c5e912790192,Voor,14,SP,SP,FALSE,,S-1-365867521-2120874753-3918075670-1133036099-4208265915-4115381510,,a3689bb6-3914-4d5c-a6a8-42e24582e299,2019-10-21T11:53:52.56+02:00,2019-10-21T21:47:29.4953561Z,FALSE
7ccd7805-3db0-4247-9fd3-00150cf1a5fd,99f6d089-727a-4eec-973b-ea7b0c91fd2e,Voor,4,PvdD,PvdD,FALSE,,S-1-365867521-2120874753-3375217526-1184288014-3809460365-2544511686,,d3b4d880-ef37-4ce6-99ec-4940266ac466,2020-12-18T10:24:59.3+01:00,2020-12-18T09:25:12.4807084Z,FALSE
00ecab8e-df34-4b8b-baf3-001521e7df66,a7e75ad2-8f71-4b85-9bac-0e55722cfc90,Voor,4,50PLUS,50PLUS,FALSE,,S-1-365867521-2120874753-800324394-1119149088-3622860163-3864343712,,a34bf6c8-834e-4dba-b4d2-f2f1b3957bd2,2019-12-11T12:44:17.987+01:00,2019-12-11T11:45:06.2027874Z,FALSE
